,sender,receiver,amount,tx_type,asset_id
0,C7RYOGEWDT7HZM3HKPSMU7QGWTRWR3EPOQTJ2OHXGYLARD3X62DNWELS34,C7RYOGEWDT7HZM3HKPSMU7QGWTRWR3EPOQTJ2OHXGYLARD3X62DNWELS34,1,axfer,127746157
1,C7RYOGEWDT7HZM3HKPSMU7QGWTRWR3EPOQTJ2OHXGYLARD3X62DNWELS34,C7RYOGEWDT7HZM3HKPSMU7QGWTRWR3EPOQTJ2OHXGYLARD3X62DNWELS34,1,axfer,127746157
2,C7RYOGEWDT7HZM3HKPSMU7QGWTRWR3EPOQTJ2OHXGYLARD3X62DNWELS34,C7RYOGEWDT7HZM3HKPSMU7QGWTRWR3EPOQTJ2OHXGYLARD3X62DNWELS34,1,axfer,127746157
3,C7RYOGEWDT7HZM3HKPSMU7QGWTRWR3EPOQTJ2OHXGYLARD3X62DNWELS34,C7RYOGEWDT7HZM3HKPSMU7QGWTRWR3EPOQTJ2OHXGYLARD3X62DNWELS34,1,axfer,127746157
4,C7RYOGEWDT7HZM3HKPSMU7QGWTRWR3EPOQTJ2OHXGYLARD3X62DNWELS34,C7RYOGEWDT7HZM3HKPSMU7QGWTRWR3EPOQTJ2OHXGYLARD3X62DNWELS34,1,axfer,127746157
5,C7RYOGEWDT7HZM3HKPSMU7QGWTRWR3EPOQTJ2OHXGYLARD3X62DNWELS34,C7RYOGEWDT7HZM3HKPSMU7QGWTRWR3EPOQTJ2OHXGYLARD3X62DNWELS34,1,axfer,127746157
6,C7RYOGEWDT7HZM3HKPSMU7QGWTRWR3EPOQTJ2OHXGYLARD3X62DNWELS34,C7RYOGEWDT7HZM3HKPSMU7QGWTRWR3EPOQTJ2OHXGYLARD3X62DNWELS34,1,axfer,127746157
7,C7RYOGEWDT7HZM3HKPSMU7QGWTRWR3EPOQTJ2OHXGYLARD3X62DNWELS34,C7RYOGEWDT7HZM3HKPSMU7QGWTRWR3EPOQTJ2OHXGYLARD3X62DNWELS34,1,axfer,127746157
8,C7RYOGEWDT7HZM3HKPSMU7QGWTRWR3EPOQTJ2OHXGYLARD3X62DNWELS34,C7RYOGEWDT7HZM3HKPSMU7QGWTRWR3EPOQTJ2OHXGYLARD3X62DNWELS34,1,axfer,127746157
9,C7RYOGEWDT7HZM3HKPSMU7QGWTRWR3EPOQTJ2OHXGYLARD3X62DNWELS34,C7RYOGEWDT7HZM3HKPSMU7QGWTRWR3EPOQTJ2OHXGYLARD3X62DNWELS34,1,axfer,127746157
10,C7RYOGEWDT7HZM3HKPSMU7QGWTRWR3EPOQTJ2OHXGYLARD3X62DNWELS34,C7RYOGEWDT7HZM3HKPSMU7QGWTRWR3EPOQTJ2OHXGYLARD3X62DNWELS34,1,axfer,127746157
11,C7RYOGEWDT7HZM3HKPSMU7QGWTRWR3EPOQTJ2OHXGYLARD3X62DNWELS34,C7RYOGEWDT7HZM3HKPSMU7QGWTRWR3EPOQTJ2OHXGYLARD3X62DNWELS34,1,axfer,127746157
12,C7RYOGEWDT7HZM3HKPSMU7QGWTRWR3EPOQTJ2OHXGYLARD3X62DNWELS34,C7RYOGEWDT7HZM3HKPSMU7QGWTRWR3EPOQTJ2OHXGYLARD3X62DNWELS34,1,axfer,127746157
13,C7RYOGEWDT7HZM3HKPSMU7QGWTRWR3EPOQTJ2OHXGYLARD3X62DNWELS34,C7RYOGEWDT7HZM3HKPSMU7QGWTRWR3EPOQTJ2OHXGYLARD3X62DNWELS34,1,axfer,127746157
14,C7RYOGEWDT7HZM3HKPSMU7QGWTRWR3EPOQTJ2OHXGYLARD3X62DNWELS34,C7RYOGEWDT7HZM3HKPSMU7QGWTRWR3EPOQTJ2OHXGYLARD3X62DNWELS34,1,axfer,127746157
15,C7RYOGEWDT7HZM3HKPSMU7QGWTRWR3EPOQTJ2OHXGYLARD3X62DNWELS34,C7RYOGEWDT7HZM3HKPSMU7QGWTRWR3EPOQTJ2OHXGYLARD3X62DNWELS34,1,axfer,127746157
16,C7RYOGEWDT7HZM3HKPSMU7QGWTRWR3EPOQTJ2OHXGYLARD3X62DNWELS34,C7RYOGEWDT7HZM3HKPSMU7QGWTRWR3EPOQTJ2OHXGYLARD3X62DNWELS34,1,axfer,127746157
17,C7RYOGEWDT7HZM3HKPSMU7QGWTRWR3EPOQTJ2OHXGYLARD3X62DNWELS34,C7RYOGEWDT7HZM3HKPSMU7QGWTRWR3EPOQTJ2OHXGYLARD3X62DNWELS34,1,axfer,127746157
18,C7RYOGEWDT7HZM3HKPSMU7QGWTRWR3EPOQTJ2OHXGYLARD3X62DNWELS34,C7RYOGEWDT7HZM3HKPSMU7QGWTRWR3EPOQTJ2OHXGYLARD3X62DNWELS34,1,axfer,127746157
19,C7RYOGEWDT7HZM3HKPSMU7QGWTRWR3EPOQTJ2OHXGYLARD3X62DNWELS34,C7RYOGEWDT7HZM3HKPSMU7QGWTRWR3EPOQTJ2OHXGYLARD3X62DNWELS34,1,axfer,127746157
20,C7RYOGEWDT7HZM3HKPSMU7QGWTRWR3EPOQTJ2OHXGYLARD3X62DNWELS34,C7RYOGEWDT7HZM3HKPSMU7QGWTRWR3EPOQTJ2OHXGYLARD3X62DNWELS34,1,axfer,127746157
21,C7RYOGEWDT7HZM3HKPSMU7QGWTRWR3EPOQTJ2OHXGYLARD3X62DNWELS34,C7RYOGEWDT7HZM3HKPSMU7QGWTRWR3EPOQTJ2OHXGYLARD3X62DNWELS34,1,axfer,127746157
22,C7RYOGEWDT7HZM3HKPSMU7QGWTRWR3EPOQTJ2OHXGYLARD3X62DNWELS34,C7RYOGEWDT7HZM3HKPSMU7QGWTRWR3EPOQTJ2OHXGYLARD3X62DNWELS34,1,axfer,127746157
23,C7RYOGEWDT7HZM3HKPSMU7QGWTRWR3EPOQTJ2OHXGYLARD3X62DNWELS34,C7RYOGEWDT7HZM3HKPSMU7QGWTRWR3EPOQTJ2OHXGYLARD3X62DNWELS34,1,axfer,127746157
24,C7RYOGEWDT7HZM3HKPSMU7QGWTRWR3EPOQTJ2OHXGYLARD3X62DNWELS34,C7RYOGEWDT7HZM3HKPSMU7QGWTRWR3EPOQTJ2OHXGYLARD3X62DNWELS34,1,axfer,127746157
25,C7RYOGEWDT7HZM3HKPSMU7QGWTRWR3EPOQTJ2OHXGYLARD3X62DNWELS34,C7RYOGEWDT7HZM3HKPSMU7QGWTRWR3EPOQTJ2OHXGYLARD3X62DNWELS34,1,axfer,127746157
26,C7RYOGEWDT7HZM3HKPSMU7QGWTRWR3EPOQTJ2OHXGYLARD3X62DNWELS34,C7RYOGEWDT7HZM3HKPSMU7QGWTRWR3EPOQTJ2OHXGYLARD3X62DNWELS34,1,axfer,127746157
27,C7RYOGEWDT7HZM3HKPSMU7QGWTRWR3EPOQTJ2OHXGYLARD3X62DNWELS34,C7RYOGEWDT7HZM3HKPSMU7QGWTRWR3EPOQTJ2OHXGYLARD3X62DNWELS34,1,axfer,127746157
28,C7RYOGEWDT7HZM3HKPSMU7QGWTRWR3EPOQTJ2OHXGYLARD3X62DNWELS34,C7RYOGEWDT7HZM3HKPSMU7QGWTRWR3EPOQTJ2OHXGYLARD3X62DNWELS34,1,axfer,127746157
29,C7RYOGEWDT7HZM3HKPSMU7QGWTRWR3EPOQTJ2OHXGYLARD3X62DNWELS34,C7RYOGEWDT7HZM3HKPSMU7QGWTRWR3EPOQTJ2OHXGYLARD3X62DNWELS34,1,axfer,127746157
30,C7RYOGEWDT7HZM3HKPSMU7QGWTRWR3EPOQTJ2OHXGYLARD3X62DNWELS34,C7RYOGEWDT7HZM3HKPSMU7QGWTRWR3EPOQTJ2OHXGYLARD3X62DNWELS34,1,axfer,127746157
31,C7RYOGEWDT7HZM3HKPSMU7QGWTRWR3EPOQTJ2OHXGYLARD3X62DNWELS34,C7RYOGEWDT7HZM3HKPSMU7QGWTRWR3EPOQTJ2OHXGYLARD3X62DNWELS34,1,axfer,127746157
32,C7RYOGEWDT7HZM3HKPSMU7QGWTRWR3EPOQTJ2OHXGYLARD3X62DNWELS34,C7RYOGEWDT7HZM3HKPSMU7QGWTRWR3EPOQTJ2OHXGYLARD3X62DNWELS34,1,axfer,127746157
33,C7RYOGEWDT7HZM3HKPSMU7QGWTRWR3EPOQTJ2OHXGYLARD3X62DNWELS34,C7RYOGEWDT7HZM3HKPSMU7QGWTRWR3EPOQTJ2OHXGYLARD3X62DNWELS34,1,axfer,127746157
34,C7RYOGEWDT7HZM3HKPSMU7QGWTRWR3EPOQTJ2OHXGYLARD3X62DNWELS34,C7RYOGEWDT7HZM3HKPSMU7QGWTRWR3EPOQTJ2OHXGYLARD3X62DNWELS34,1,axfer,127746157
35,C7RYOGEWDT7HZM3HKPSMU7QGWTRWR3EPOQTJ2OHXGYLARD3X62DNWELS34,C7RYOGEWDT7HZM3HKPSMU7QGWTRWR3EPOQTJ2OHXGYLARD3X62DNWELS34,1,axfer,127746157
36,C7RYOGEWDT7HZM3HKPSMU7QGWTRWR3EPOQTJ2OHXGYLARD3X62DNWELS34,C7RYOGEWDT7HZM3HKPSMU7QGWTRWR3EPOQTJ2OHXGYLARD3X62DNWELS34,1,axfer,127746157
37,C7RYOGEWDT7HZM3HKPSMU7QGWTRWR3EPOQTJ2OHXGYLARD3X62DNWELS34,C7RYOGEWDT7HZM3HKPSMU7QGWTRWR3EPOQTJ2OHXGYLARD3X62DNWELS34,1,axfer,127746157
38,C7RYOGEWDT7HZM3HKPSMU7QGWTRWR3EPOQTJ2OHXGYLARD3X62DNWELS34,C7RYOGEWDT7HZM3HKPSMU7QGWTRWR3EPOQTJ2OHXGYLARD3X62DNWELS34,1,axfer,127746157
39,C7RYOGEWDT7HZM3HKPSMU7QGWTRWR3EPOQTJ2OHXGYLARD3X62DNWELS34,C7RYOGEWDT7HZM3HKPSMU7QGWTRWR3EPOQTJ2OHXGYLARD3X62DNWELS34,1,axfer,127746157
40,C7RYOGEWDT7HZM3HKPSMU7QGWTRWR3EPOQTJ2OHXGYLARD3X62DNWELS34,C7RYOGEWDT7HZM3HKPSMU7QGWTRWR3EPOQTJ2OHXGYLARD3X62DNWELS34,1,axfer,127746157
41,C7RYOGEWDT7HZM3HKPSMU7QGWTRWR3EPOQTJ2OHXGYLARD3X62DNWELS34,C7RYOGEWDT7HZM3HKPSMU7QGWTRWR3EPOQTJ2OHXGYLARD3X62DNWELS34,1,axfer,127746157
42,C7RYOGEWDT7HZM3HKPSMU7QGWTRWR3EPOQTJ2OHXGYLARD3X62DNWELS34,C7RYOGEWDT7HZM3HKPSMU7QGWTRWR3EPOQTJ2OHXGYLARD3X62DNWELS34,1,axfer,127746157
43,C7RYOGEWDT7HZM3HKPSMU7QGWTRWR3EPOQTJ2OHXGYLARD3X62DNWELS34,C7RYOGEWDT7HZM3HKPSMU7QGWTRWR3EPOQTJ2OHXGYLARD3X62DNWELS34,1,axfer,127746157
44,C7RYOGEWDT7HZM3HKPSMU7QGWTRWR3EPOQTJ2OHXGYLARD3X62DNWELS34,C7RYOGEWDT7HZM3HKPSMU7QGWTRWR3EPOQTJ2OHXGYLARD3X62DNWELS34,1,axfer,127746157
45,C7RYOGEWDT7HZM3HKPSMU7QGWTRWR3EPOQTJ2OHXGYLARD3X62DNWELS34,C7RYOGEWDT7HZM3HKPSMU7QGWTRWR3EPOQTJ2OHXGYLARD3X62DNWELS34,1,axfer,127746157
46,C7RYOGEWDT7HZM3HKPSMU7QGWTRWR3EPOQTJ2OHXGYLARD3X62DNWELS34,C7RYOGEWDT7HZM3HKPSMU7QGWTRWR3EPOQTJ2OHXGYLARD3X62DNWELS34,1,axfer,127746157
47,C7RYOGEWDT7HZM3HKPSMU7QGWTRWR3EPOQTJ2OHXGYLARD3X62DNWELS34,C7RYOGEWDT7HZM3HKPSMU7QGWTRWR3EPOQTJ2OHXGYLARD3X62DNWELS34,1,axfer,127746157
48,C7RYOGEWDT7HZM3HKPSMU7QGWTRWR3EPOQTJ2OHXGYLARD3X62DNWELS34,C7RYOGEWDT7HZM3HKPSMU7QGWTRWR3EPOQTJ2OHXGYLARD3X62DNWELS34,1,axfer,127746157
49,C7RYOGEWDT7HZM3HKPSMU7QGWTRWR3EPOQTJ2OHXGYLARD3X62DNWELS34,C7RYOGEWDT7HZM3HKPSMU7QGWTRWR3EPOQTJ2OHXGYLARD3X62DNWELS34,1,axfer,127746157
50,C7RYOGEWDT7HZM3HKPSMU7QGWTRWR3EPOQTJ2OHXGYLARD3X62DNWELS34,C7RYOGEWDT7HZM3HKPSMU7QGWTRWR3EPOQTJ2OHXGYLARD3X62DNWELS34,1,axfer,127746157
51,C7RYOGEWDT7HZM3HKPSMU7QGWTRWR3EPOQTJ2OHXGYLARD3X62DNWELS34,C7RYOGEWDT7HZM3HKPSMU7QGWTRWR3EPOQTJ2OHXGYLARD3X62DNWELS34,1,axfer,127746157
52,C7RYOGEWDT7HZM3HKPSMU7QGWTRWR3EPOQTJ2OHXGYLARD3X62DNWELS34,C7RYOGEWDT7HZM3HKPSMU7QGWTRWR3EPOQTJ2OHXGYLARD3X62DNWELS34,1,axfer,127746157
53,C7RYOGEWDT7HZM3HKPSMU7QGWTRWR3EPOQTJ2OHXGYLARD3X62DNWELS34,C7RYOGEWDT7HZM3HKPSMU7QGWTRWR3EPOQTJ2OHXGYLARD3X62DNWELS34,1,axfer,127746157
54,C7RYOGEWDT7HZM3HKPSMU7QGWTRWR3EPOQTJ2OHXGYLARD3X62DNWELS34,C7RYOGEWDT7HZM3HKPSMU7QGWTRWR3EPOQTJ2OHXGYLARD3X62DNWELS34,1,axfer,127746157
55,C7RYOGEWDT7HZM3HKPSMU7QGWTRWR3EPOQTJ2OHXGYLARD3X62DNWELS34,C7RYOGEWDT7HZM3HKPSMU7QGWTRWR3EPOQTJ2OHXGYLARD3X62DNWELS34,1,axfer,127746157
56,C7RYOGEWDT7HZM3HKPSMU7QGWTRWR3EPOQTJ2OHXGYLARD3X62DNWELS34,C7RYOGEWDT7HZM3HKPSMU7QGWTRWR3EPOQTJ2OHXGYLARD3X62DNWELS34,1,axfer,127746157
57,C7RYOGEWDT7HZM3HKPSMU7QGWTRWR3EPOQTJ2OHXGYLARD3X62DNWELS34,C7RYOGEWDT7HZM3HKPSMU7QGWTRWR3EPOQTJ2OHXGYLARD3X62DNWELS34,1,axfer,127746157
58,C7RYOGEWDT7HZM3HKPSMU7QGWTRWR3EPOQTJ2OHXGYLARD3X62DNWELS34,C7RYOGEWDT7HZM3HKPSMU7QGWTRWR3EPOQTJ2OHXGYLARD3X62DNWELS34,1,axfer,127746157
59,C7RYOGEWDT7HZM3HKPSMU7QGWTRWR3EPOQTJ2OHXGYLARD3X62DNWELS34,C7RYOGEWDT7HZM3HKPSMU7QGWTRWR3EPOQTJ2OHXGYLARD3X62DNWELS34,1,axfer,127746157
60,C7RYOGEWDT7HZM3HKPSMU7QGWTRWR3EPOQTJ2OHXGYLARD3X62DNWELS34,C7RYOGEWDT7HZM3HKPSMU7QGWTRWR3EPOQTJ2OHXGYLARD3X62DNWELS34,1,axfer,127746157
61,C7RYOGEWDT7HZM3HKPSMU7QGWTRWR3EPOQTJ2OHXGYLARD3X62DNWELS34,C7RYOGEWDT7HZM3HKPSMU7QGWTRWR3EPOQTJ2OHXGYLARD3X62DNWELS34,1,axfer,127746157
62,C7RYOGEWDT7HZM3HKPSMU7QGWTRWR3EPOQTJ2OHXGYLARD3X62DNWELS34,C7RYOGEWDT7HZM3HKPSMU7QGWTRWR3EPOQTJ2OHXGYLARD3X62DNWELS34,1,axfer,127746157
63,C7RYOGEWDT7HZM3HKPSMU7QGWTRWR3EPOQTJ2OHXGYLARD3X62DNWELS34,C7RYOGEWDT7HZM3HKPSMU7QGWTRWR3EPOQTJ2OHXGYLARD3X62DNWELS34,1,axfer,127746157
64,C7RYOGEWDT7HZM3HKPSMU7QGWTRWR3EPOQTJ2OHXGYLARD3X62DNWELS34,C7RYOGEWDT7HZM3HKPSMU7QGWTRWR3EPOQTJ2OHXGYLARD3X62DNWELS34,1,axfer,127746157
65,C7RYOGEWDT7HZM3HKPSMU7QGWTRWR3EPOQTJ2OHXGYLARD3X62DNWELS34,C7RYOGEWDT7HZM3HKPSMU7QGWTRWR3EPOQTJ2OHXGYLARD3X62DNWELS34,1,axfer,127746157
66,C7RYOGEWDT7HZM3HKPSMU7QGWTRWR3EPOQTJ2OHXGYLARD3X62DNWELS34,C7RYOGEWDT7HZM3HKPSMU7QGWTRWR3EPOQTJ2OHXGYLARD3X62DNWELS34,1,axfer,127746157
67,C7RYOGEWDT7HZM3HKPSMU7QGWTRWR3EPOQTJ2OHXGYLARD3X62DNWELS34,C7RYOGEWDT7HZM3HKPSMU7QGWTRWR3EPOQTJ2OHXGYLARD3X62DNWELS34,1,axfer,127746157
68,C7RYOGEWDT7HZM3HKPSMU7QGWTRWR3EPOQTJ2OHXGYLARD3X62DNWELS34,C7RYOGEWDT7HZM3HKPSMU7QGWTRWR3EPOQTJ2OHXGYLARD3X62DNWELS34,1,axfer,127746157
69,C7RYOGEWDT7HZM3HKPSMU7QGWTRWR3EPOQTJ2OHXGYLARD3X62DNWELS34,C7RYOGEWDT7HZM3HKPSMU7QGWTRWR3EPOQTJ2OHXGYLARD3X62DNWELS34,1,axfer,127746157
70,C7RYOGEWDT7HZM3HKPSMU7QGWTRWR3EPOQTJ2OHXGYLARD3X62DNWELS34,C7RYOGEWDT7HZM3HKPSMU7QGWTRWR3EPOQTJ2OHXGYLARD3X62DNWELS34,1,axfer,127746157
71,C7RYOGEWDT7HZM3HKPSMU7QGWTRWR3EPOQTJ2OHXGYLARD3X62DNWELS34,C7RYOGEWDT7HZM3HKPSMU7QGWTRWR3EPOQTJ2OHXGYLARD3X62DNWELS34,1,axfer,127746157
72,C7RYOGEWDT7HZM3HKPSMU7QGWTRWR3EPOQTJ2OHXGYLARD3X62DNWELS34,C7RYOGEWDT7HZM3HKPSMU7QGWTRWR3EPOQTJ2OHXGYLARD3X62DNWELS34,1,axfer,127746157
73,C7RYOGEWDT7HZM3HKPSMU7QGWTRWR3EPOQTJ2OHXGYLARD3X62DNWELS34,C7RYOGEWDT7HZM3HKPSMU7QGWTRWR3EPOQTJ2OHXGYLARD3X62DNWELS34,1,axfer,127746157
74,C7RYOGEWDT7HZM3HKPSMU7QGWTRWR3EPOQTJ2OHXGYLARD3X62DNWELS34,C7RYOGEWDT7HZM3HKPSMU7QGWTRWR3EPOQTJ2OHXGYLARD3X62DNWELS34,1,axfer,127746157
75,C7RYOGEWDT7HZM3HKPSMU7QGWTRWR3EPOQTJ2OHXGYLARD3X62DNWELS34,C7RYOGEWDT7HZM3HKPSMU7QGWTRWR3EPOQTJ2OHXGYLARD3X62DNWELS34,1,axfer,127746157
76,C7RYOGEWDT7HZM3HKPSMU7QGWTRWR3EPOQTJ2OHXGYLARD3X62DNWELS34,C7RYOGEWDT7HZM3HKPSMU7QGWTRWR3EPOQTJ2OHXGYLARD3X62DNWELS34,1,axfer,127746157
77,C7RYOGEWDT7HZM3HKPSMU7QGWTRWR3EPOQTJ2OHXGYLARD3X62DNWELS34,C7RYOGEWDT7HZM3HKPSMU7QGWTRWR3EPOQTJ2OHXGYLARD3X62DNWELS34,1,axfer,127746157
78,C7RYOGEWDT7HZM3HKPSMU7QGWTRWR3EPOQTJ2OHXGYLARD3X62DNWELS34,C7RYOGEWDT7HZM3HKPSMU7QGWTRWR3EPOQTJ2OHXGYLARD3X62DNWELS34,1,axfer,127746157
79,C7RYOGEWDT7HZM3HKPSMU7QGWTRWR3EPOQTJ2OHXGYLARD3X62DNWELS34,C7RYOGEWDT7HZM3HKPSMU7QGWTRWR3EPOQTJ2OHXGYLARD3X62DNWELS34,1,axfer,127746157
80,C7RYOGEWDT7HZM3HKPSMU7QGWTRWR3EPOQTJ2OHXGYLARD3X62DNWELS34,C7RYOGEWDT7HZM3HKPSMU7QGWTRWR3EPOQTJ2OHXGYLARD3X62DNWELS34,1,axfer,127746157
81,C7RYOGEWDT7HZM3HKPSMU7QGWTRWR3EPOQTJ2OHXGYLARD3X62DNWELS34,C7RYOGEWDT7HZM3HKPSMU7QGWTRWR3EPOQTJ2OHXGYLARD3X62DNWELS34,1,axfer,127746157
82,C7RYOGEWDT7HZM3HKPSMU7QGWTRWR3EPOQTJ2OHXGYLARD3X62DNWELS34,C7RYOGEWDT7HZM3HKPSMU7QGWTRWR3EPOQTJ2OHXGYLARD3X62DNWELS34,1,axfer,127746157
83,C7RYOGEWDT7HZM3HKPSMU7QGWTRWR3EPOQTJ2OHXGYLARD3X62DNWELS34,C7RYOGEWDT7HZM3HKPSMU7QGWTRWR3EPOQTJ2OHXGYLARD3X62DNWELS34,1,axfer,127746157
84,C7RYOGEWDT7HZM3HKPSMU7QGWTRWR3EPOQTJ2OHXGYLARD3X62DNWELS34,C7RYOGEWDT7HZM3HKPSMU7QGWTRWR3EPOQTJ2OHXGYLARD3X62DNWELS34,1,axfer,127746157
85,C7RYOGEWDT7HZM3HKPSMU7QGWTRWR3EPOQTJ2OHXGYLARD3X62DNWELS34,C7RYOGEWDT7HZM3HKPSMU7QGWTRWR3EPOQTJ2OHXGYLARD3X62DNWELS34,1,axfer,127746157
86,C7RYOGEWDT7HZM3HKPSMU7QGWTRWR3EPOQTJ2OHXGYLARD3X62DNWELS34,C7RYOGEWDT7HZM3HKPSMU7QGWTRWR3EPOQTJ2OHXGYLARD3X62DNWELS34,1,axfer,127746157
87,C7RYOGEWDT7HZM3HKPSMU7QGWTRWR3EPOQTJ2OHXGYLARD3X62DNWELS34,C7RYOGEWDT7HZM3HKPSMU7QGWTRWR3EPOQTJ2OHXGYLARD3X62DNWELS34,1,axfer,127746157
88,C7RYOGEWDT7HZM3HKPSMU7QGWTRWR3EPOQTJ2OHXGYLARD3X62DNWELS34,C7RYOGEWDT7HZM3HKPSMU7QGWTRWR3EPOQTJ2OHXGYLARD3X62DNWELS34,1,axfer,127746157
89,C7RYOGEWDT7HZM3HKPSMU7QGWTRWR3EPOQTJ2OHXGYLARD3X62DNWELS34,C7RYOGEWDT7HZM3HKPSMU7QGWTRWR3EPOQTJ2OHXGYLARD3X62DNWELS34,1,axfer,127746157
90,C7RYOGEWDT7HZM3HKPSMU7QGWTRWR3EPOQTJ2OHXGYLARD3X62DNWELS34,C7RYOGEWDT7HZM3HKPSMU7QGWTRWR3EPOQTJ2OHXGYLARD3X62DNWELS34,1,axfer,127746157
91,C7RYOGEWDT7HZM3HKPSMU7QGWTRWR3EPOQTJ2OHXGYLARD3X62DNWELS34,C7RYOGEWDT7HZM3HKPSMU7QGWTRWR3EPOQTJ2OHXGYLARD3X62DNWELS34,1,axfer,127746157
92,C7RYOGEWDT7HZM3HKPSMU7QGWTRWR3EPOQTJ2OHXGYLARD3X62DNWELS34,C7RYOGEWDT7HZM3HKPSMU7QGWTRWR3EPOQTJ2OHXGYLARD3X62DNWELS34,1,axfer,127746157
93,C7RYOGEWDT7HZM3HKPSMU7QGWTRWR3EPOQTJ2OHXGYLARD3X62DNWELS34,C7RYOGEWDT7HZM3HKPSMU7QGWTRWR3EPOQTJ2OHXGYLARD3X62DNWELS34,1,axfer,127746157
94,C7RYOGEWDT7HZM3HKPSMU7QGWTRWR3EPOQTJ2OHXGYLARD3X62DNWELS34,C7RYOGEWDT7HZM3HKPSMU7QGWTRWR3EPOQTJ2OHXGYLARD3X62DNWELS34,1,axfer,127746157
95,C7RYOGEWDT7HZM3HKPSMU7QGWTRWR3EPOQTJ2OHXGYLARD3X62DNWELS34,C7RYOGEWDT7HZM3HKPSMU7QGWTRWR3EPOQTJ2OHXGYLARD3X62DNWELS34,1,axfer,127746157
96,C7RYOGEWDT7HZM3HKPSMU7QGWTRWR3EPOQTJ2OHXGYLARD3X62DNWELS34,C7RYOGEWDT7HZM3HKPSMU7QGWTRWR3EPOQTJ2OHXGYLARD3X62DNWELS34,1,axfer,127746157
97,C7RYOGEWDT7HZM3HKPSMU7QGWTRWR3EPOQTJ2OHXGYLARD3X62DNWELS34,C7RYOGEWDT7HZM3HKPSMU7QGWTRWR3EPOQTJ2OHXGYLARD3X62DNWELS34,1,axfer,127746157
98,C7RYOGEWDT7HZM3HKPSMU7QGWTRWR3EPOQTJ2OHXGYLARD3X62DNWELS34,C7RYOGEWDT7HZM3HKPSMU7QGWTRWR3EPOQTJ2OHXGYLARD3X62DNWELS34,1,axfer,127746157
99,C7RYOGEWDT7HZM3HKPSMU7QGWTRWR3EPOQTJ2OHXGYLARD3X62DNWELS34,C7RYOGEWDT7HZM3HKPSMU7QGWTRWR3EPOQTJ2OHXGYLARD3X62DNWELS34,1,axfer,127746157
100,C7RYOGEWDT7HZM3HKPSMU7QGWTRWR3EPOQTJ2OHXGYLARD3X62DNWELS34,C7RYOGEWDT7HZM3HKPSMU7QGWTRWR3EPOQTJ2OHXGYLARD3X62DNWELS34,1,axfer,127746157
101,C7RYOGEWDT7HZM3HKPSMU7QGWTRWR3EPOQTJ2OHXGYLARD3X62DNWELS34,C7RYOGEWDT7HZM3HKPSMU7QGWTRWR3EPOQTJ2OHXGYLARD3X62DNWELS34,1,axfer,127746157
102,C7RYOGEWDT7HZM3HKPSMU7QGWTRWR3EPOQTJ2OHXGYLARD3X62DNWELS34,C7RYOGEWDT7HZM3HKPSMU7QGWTRWR3EPOQTJ2OHXGYLARD3X62DNWELS34,1,axfer,127746157
103,C7RYOGEWDT7HZM3HKPSMU7QGWTRWR3EPOQTJ2OHXGYLARD3X62DNWELS34,C7RYOGEWDT7HZM3HKPSMU7QGWTRWR3EPOQTJ2OHXGYLARD3X62DNWELS34,1,axfer,127746157
104,C7RYOGEWDT7HZM3HKPSMU7QGWTRWR3EPOQTJ2OHXGYLARD3X62DNWELS34,C7RYOGEWDT7HZM3HKPSMU7QGWTRWR3EPOQTJ2OHXGYLARD3X62DNWELS34,1,axfer,127746157
105,C7RYOGEWDT7HZM3HKPSMU7QGWTRWR3EPOQTJ2OHXGYLARD3X62DNWELS34,C7RYOGEWDT7HZM3HKPSMU7QGWTRWR3EPOQTJ2OHXGYLARD3X62DNWELS34,1,axfer,127746157
106,C7RYOGEWDT7HZM3HKPSMU7QGWTRWR3EPOQTJ2OHXGYLARD3X62DNWELS34,C7RYOGEWDT7HZM3HKPSMU7QGWTRWR3EPOQTJ2OHXGYLARD3X62DNWELS34,1,axfer,127746157
107,C7RYOGEWDT7HZM3HKPSMU7QGWTRWR3EPOQTJ2OHXGYLARD3X62DNWELS34,C7RYOGEWDT7HZM3HKPSMU7QGWTRWR3EPOQTJ2OHXGYLARD3X62DNWELS34,1,axfer,127746157
108,C7RYOGEWDT7HZM3HKPSMU7QGWTRWR3EPOQTJ2OHXGYLARD3X62DNWELS34,C7RYOGEWDT7HZM3HKPSMU7QGWTRWR3EPOQTJ2OHXGYLARD3X62DNWELS34,1,axfer,127746157
109,C7RYOGEWDT7HZM3HKPSMU7QGWTRWR3EPOQTJ2OHXGYLARD3X62DNWELS34,C7RYOGEWDT7HZM3HKPSMU7QGWTRWR3EPOQTJ2OHXGYLARD3X62DNWELS34,1,axfer,127746157
110,C7RYOGEWDT7HZM3HKPSMU7QGWTRWR3EPOQTJ2OHXGYLARD3X62DNWELS34,C7RYOGEWDT7HZM3HKPSMU7QGWTRWR3EPOQTJ2OHXGYLARD3X62DNWELS34,1,axfer,127746157
111,C7RYOGEWDT7HZM3HKPSMU7QGWTRWR3EPOQTJ2OHXGYLARD3X62DNWELS34,C7RYOGEWDT7HZM3HKPSMU7QGWTRWR3EPOQTJ2OHXGYLARD3X62DNWELS34,1,axfer,127746157
112,C7RYOGEWDT7HZM3HKPSMU7QGWTRWR3EPOQTJ2OHXGYLARD3X62DNWELS34,C7RYOGEWDT7HZM3HKPSMU7QGWTRWR3EPOQTJ2OHXGYLARD3X62DNWELS34,1,axfer,127746157
113,C7RYOGEWDT7HZM3HKPSMU7QGWTRWR3EPOQTJ2OHXGYLARD3X62DNWELS34,C7RYOGEWDT7HZM3HKPSMU7QGWTRWR3EPOQTJ2OHXGYLARD3X62DNWELS34,1,axfer,127746157
114,C7RYOGEWDT7HZM3HKPSMU7QGWTRWR3EPOQTJ2OHXGYLARD3X62DNWELS34,C7RYOGEWDT7HZM3HKPSMU7QGWTRWR3EPOQTJ2OHXGYLARD3X62DNWELS34,1,axfer,127746157
115,C7RYOGEWDT7HZM3HKPSMU7QGWTRWR3EPOQTJ2OHXGYLARD3X62DNWELS34,C7RYOGEWDT7HZM3HKPSMU7QGWTRWR3EPOQTJ2OHXGYLARD3X62DNWELS34,1,axfer,127746157
116,C7RYOGEWDT7HZM3HKPSMU7QGWTRWR3EPOQTJ2OHXGYLARD3X62DNWELS34,C7RYOGEWDT7HZM3HKPSMU7QGWTRWR3EPOQTJ2OHXGYLARD3X62DNWELS34,1,axfer,127746157
117,C7RYOGEWDT7HZM3HKPSMU7QGWTRWR3EPOQTJ2OHXGYLARD3X62DNWELS34,C7RYOGEWDT7HZM3HKPSMU7QGWTRWR3EPOQTJ2OHXGYLARD3X62DNWELS34,1,axfer,127746157
118,C7RYOGEWDT7HZM3HKPSMU7QGWTRWR3EPOQTJ2OHXGYLARD3X62DNWELS34,C7RYOGEWDT7HZM3HKPSMU7QGWTRWR3EPOQTJ2OHXGYLARD3X62DNWELS34,1,axfer,127746157
119,C7RYOGEWDT7HZM3HKPSMU7QGWTRWR3EPOQTJ2OHXGYLARD3X62DNWELS34,C7RYOGEWDT7HZM3HKPSMU7QGWTRWR3EPOQTJ2OHXGYLARD3X62DNWELS34,1,axfer,127746157
120,C7RYOGEWDT7HZM3HKPSMU7QGWTRWR3EPOQTJ2OHXGYLARD3X62DNWELS34,C7RYOGEWDT7HZM3HKPSMU7QGWTRWR3EPOQTJ2OHXGYLARD3X62DNWELS34,1,axfer,127746157
121,C7RYOGEWDT7HZM3HKPSMU7QGWTRWR3EPOQTJ2OHXGYLARD3X62DNWELS34,C7RYOGEWDT7HZM3HKPSMU7QGWTRWR3EPOQTJ2OHXGYLARD3X62DNWELS34,1,axfer,127746157
122,C7RYOGEWDT7HZM3HKPSMU7QGWTRWR3EPOQTJ2OHXGYLARD3X62DNWELS34,C7RYOGEWDT7HZM3HKPSMU7QGWTRWR3EPOQTJ2OHXGYLARD3X62DNWELS34,1,axfer,127746157
123,C7RYOGEWDT7HZM3HKPSMU7QGWTRWR3EPOQTJ2OHXGYLARD3X62DNWELS34,C7RYOGEWDT7HZM3HKPSMU7QGWTRWR3EPOQTJ2OHXGYLARD3X62DNWELS34,1,axfer,127746157
124,C7RYOGEWDT7HZM3HKPSMU7QGWTRWR3EPOQTJ2OHXGYLARD3X62DNWELS34,C7RYOGEWDT7HZM3HKPSMU7QGWTRWR3EPOQTJ2OHXGYLARD3X62DNWELS34,1,axfer,127746157
125,C7RYOGEWDT7HZM3HKPSMU7QGWTRWR3EPOQTJ2OHXGYLARD3X62DNWELS34,C7RYOGEWDT7HZM3HKPSMU7QGWTRWR3EPOQTJ2OHXGYLARD3X62DNWELS34,1,axfer,127746157
126,C7RYOGEWDT7HZM3HKPSMU7QGWTRWR3EPOQTJ2OHXGYLARD3X62DNWELS34,C7RYOGEWDT7HZM3HKPSMU7QGWTRWR3EPOQTJ2OHXGYLARD3X62DNWELS34,1,axfer,127746157
127,C7RYOGEWDT7HZM3HKPSMU7QGWTRWR3EPOQTJ2OHXGYLARD3X62DNWELS34,C7RYOGEWDT7HZM3HKPSMU7QGWTRWR3EPOQTJ2OHXGYLARD3X62DNWELS34,1,axfer,127746157
128,C7RYOGEWDT7HZM3HKPSMU7QGWTRWR3EPOQTJ2OHXGYLARD3X62DNWELS34,C7RYOGEWDT7HZM3HKPSMU7QGWTRWR3EPOQTJ2OHXGYLARD3X62DNWELS34,1,axfer,127746157
129,C7RYOGEWDT7HZM3HKPSMU7QGWTRWR3EPOQTJ2OHXGYLARD3X62DNWELS34,C7RYOGEWDT7HZM3HKPSMU7QGWTRWR3EPOQTJ2OHXGYLARD3X62DNWELS34,1,axfer,127746157
130,C7RYOGEWDT7HZM3HKPSMU7QGWTRWR3EPOQTJ2OHXGYLARD3X62DNWELS34,C7RYOGEWDT7HZM3HKPSMU7QGWTRWR3EPOQTJ2OHXGYLARD3X62DNWELS34,1,axfer,127746157
131,C7RYOGEWDT7HZM3HKPSMU7QGWTRWR3EPOQTJ2OHXGYLARD3X62DNWELS34,C7RYOGEWDT7HZM3HKPSMU7QGWTRWR3EPOQTJ2OHXGYLARD3X62DNWELS34,1,axfer,127746157
132,C7RYOGEWDT7HZM3HKPSMU7QGWTRWR3EPOQTJ2OHXGYLARD3X62DNWELS34,C7RYOGEWDT7HZM3HKPSMU7QGWTRWR3EPOQTJ2OHXGYLARD3X62DNWELS34,1,axfer,127746157
133,C7RYOGEWDT7HZM3HKPSMU7QGWTRWR3EPOQTJ2OHXGYLARD3X62DNWELS34,C7RYOGEWDT7HZM3HKPSMU7QGWTRWR3EPOQTJ2OHXGYLARD3X62DNWELS34,1,axfer,127746157
134,C7RYOGEWDT7HZM3HKPSMU7QGWTRWR3EPOQTJ2OHXGYLARD3X62DNWELS34,C7RYOGEWDT7HZM3HKPSMU7QGWTRWR3EPOQTJ2OHXGYLARD3X62DNWELS34,1,axfer,127746157
135,C7RYOGEWDT7HZM3HKPSMU7QGWTRWR3EPOQTJ2OHXGYLARD3X62DNWELS34,C7RYOGEWDT7HZM3HKPSMU7QGWTRWR3EPOQTJ2OHXGYLARD3X62DNWELS34,1,axfer,127746157
136,C7RYOGEWDT7HZM3HKPSMU7QGWTRWR3EPOQTJ2OHXGYLARD3X62DNWELS34,C7RYOGEWDT7HZM3HKPSMU7QGWTRWR3EPOQTJ2OHXGYLARD3X62DNWELS34,1,axfer,127746157
137,C7RYOGEWDT7HZM3HKPSMU7QGWTRWR3EPOQTJ2OHXGYLARD3X62DNWELS34,C7RYOGEWDT7HZM3HKPSMU7QGWTRWR3EPOQTJ2OHXGYLARD3X62DNWELS34,1,axfer,127746157
138,C7RYOGEWDT7HZM3HKPSMU7QGWTRWR3EPOQTJ2OHXGYLARD3X62DNWELS34,C7RYOGEWDT7HZM3HKPSMU7QGWTRWR3EPOQTJ2OHXGYLARD3X62DNWELS34,1,axfer,127746157
139,C7RYOGEWDT7HZM3HKPSMU7QGWTRWR3EPOQTJ2OHXGYLARD3X62DNWELS34,C7RYOGEWDT7HZM3HKPSMU7QGWTRWR3EPOQTJ2OHXGYLARD3X62DNWELS34,1,axfer,127746157
140,C7RYOGEWDT7HZM3HKPSMU7QGWTRWR3EPOQTJ2OHXGYLARD3X62DNWELS34,C7RYOGEWDT7HZM3HKPSMU7QGWTRWR3EPOQTJ2OHXGYLARD3X62DNWELS34,1,axfer,127746157
141,C7RYOGEWDT7HZM3HKPSMU7QGWTRWR3EPOQTJ2OHXGYLARD3X62DNWELS34,C7RYOGEWDT7HZM3HKPSMU7QGWTRWR3EPOQTJ2OHXGYLARD3X62DNWELS34,1,axfer,127746157
142,C7RYOGEWDT7HZM3HKPSMU7QGWTRWR3EPOQTJ2OHXGYLARD3X62DNWELS34,C7RYOGEWDT7HZM3HKPSMU7QGWTRWR3EPOQTJ2OHXGYLARD3X62DNWELS34,1,axfer,127746157
143,C7RYOGEWDT7HZM3HKPSMU7QGWTRWR3EPOQTJ2OHXGYLARD3X62DNWELS34,C7RYOGEWDT7HZM3HKPSMU7QGWTRWR3EPOQTJ2OHXGYLARD3X62DNWELS34,1,axfer,127746157
144,C7RYOGEWDT7HZM3HKPSMU7QGWTRWR3EPOQTJ2OHXGYLARD3X62DNWELS34,C7RYOGEWDT7HZM3HKPSMU7QGWTRWR3EPOQTJ2OHXGYLARD3X62DNWELS34,1,axfer,127746157
145,C7RYOGEWDT7HZM3HKPSMU7QGWTRWR3EPOQTJ2OHXGYLARD3X62DNWELS34,C7RYOGEWDT7HZM3HKPSMU7QGWTRWR3EPOQTJ2OHXGYLARD3X62DNWELS34,1,axfer,127746157
146,C7RYOGEWDT7HZM3HKPSMU7QGWTRWR3EPOQTJ2OHXGYLARD3X62DNWELS34,C7RYOGEWDT7HZM3HKPSMU7QGWTRWR3EPOQTJ2OHXGYLARD3X62DNWELS34,1,axfer,127746157
147,C7RYOGEWDT7HZM3HKPSMU7QGWTRWR3EPOQTJ2OHXGYLARD3X62DNWELS34,C7RYOGEWDT7HZM3HKPSMU7QGWTRWR3EPOQTJ2OHXGYLARD3X62DNWELS34,1,axfer,127746157
148,C7RYOGEWDT7HZM3HKPSMU7QGWTRWR3EPOQTJ2OHXGYLARD3X62DNWELS34,C7RYOGEWDT7HZM3HKPSMU7QGWTRWR3EPOQTJ2OHXGYLARD3X62DNWELS34,1,axfer,127746157
149,C7RYOGEWDT7HZM3HKPSMU7QGWTRWR3EPOQTJ2OHXGYLARD3X62DNWELS34,C7RYOGEWDT7HZM3HKPSMU7QGWTRWR3EPOQTJ2OHXGYLARD3X62DNWELS34,1,axfer,127746157
150,C7RYOGEWDT7HZM3HKPSMU7QGWTRWR3EPOQTJ2OHXGYLARD3X62DNWELS34,C7RYOGEWDT7HZM3HKPSMU7QGWTRWR3EPOQTJ2OHXGYLARD3X62DNWELS34,1,axfer,127746157
151,C7RYOGEWDT7HZM3HKPSMU7QGWTRWR3EPOQTJ2OHXGYLARD3X62DNWELS34,C7RYOGEWDT7HZM3HKPSMU7QGWTRWR3EPOQTJ2OHXGYLARD3X62DNWELS34,1,axfer,127746157
152,C7RYOGEWDT7HZM3HKPSMU7QGWTRWR3EPOQTJ2OHXGYLARD3X62DNWELS34,C7RYOGEWDT7HZM3HKPSMU7QGWTRWR3EPOQTJ2OHXGYLARD3X62DNWELS34,1,axfer,127746157
153,C7RYOGEWDT7HZM3HKPSMU7QGWTRWR3EPOQTJ2OHXGYLARD3X62DNWELS34,C7RYOGEWDT7HZM3HKPSMU7QGWTRWR3EPOQTJ2OHXGYLARD3X62DNWELS34,1,axfer,127746157
154,C7RYOGEWDT7HZM3HKPSMU7QGWTRWR3EPOQTJ2OHXGYLARD3X62DNWELS34,C7RYOGEWDT7HZM3HKPSMU7QGWTRWR3EPOQTJ2OHXGYLARD3X62DNWELS34,1,axfer,127746157
155,C7RYOGEWDT7HZM3HKPSMU7QGWTRWR3EPOQTJ2OHXGYLARD3X62DNWELS34,C7RYOGEWDT7HZM3HKPSMU7QGWTRWR3EPOQTJ2OHXGYLARD3X62DNWELS34,1,axfer,127746157
156,C7RYOGEWDT7HZM3HKPSMU7QGWTRWR3EPOQTJ2OHXGYLARD3X62DNWELS34,C7RYOGEWDT7HZM3HKPSMU7QGWTRWR3EPOQTJ2OHXGYLARD3X62DNWELS34,1,axfer,127746157
157,C7RYOGEWDT7HZM3HKPSMU7QGWTRWR3EPOQTJ2OHXGYLARD3X62DNWELS34,C7RYOGEWDT7HZM3HKPSMU7QGWTRWR3EPOQTJ2OHXGYLARD3X62DNWELS34,1,axfer,127746157
158,C7RYOGEWDT7HZM3HKPSMU7QGWTRWR3EPOQTJ2OHXGYLARD3X62DNWELS34,C7RYOGEWDT7HZM3HKPSMU7QGWTRWR3EPOQTJ2OHXGYLARD3X62DNWELS34,1,axfer,127746157
159,C7RYOGEWDT7HZM3HKPSMU7QGWTRWR3EPOQTJ2OHXGYLARD3X62DNWELS34,C7RYOGEWDT7HZM3HKPSMU7QGWTRWR3EPOQTJ2OHXGYLARD3X62DNWELS34,1,axfer,127746157
160,C7RYOGEWDT7HZM3HKPSMU7QGWTRWR3EPOQTJ2OHXGYLARD3X62DNWELS34,C7RYOGEWDT7HZM3HKPSMU7QGWTRWR3EPOQTJ2OHXGYLARD3X62DNWELS34,1,axfer,127746157
161,C7RYOGEWDT7HZM3HKPSMU7QGWTRWR3EPOQTJ2OHXGYLARD3X62DNWELS34,C7RYOGEWDT7HZM3HKPSMU7QGWTRWR3EPOQTJ2OHXGYLARD3X62DNWELS34,1,axfer,127746157
162,C7RYOGEWDT7HZM3HKPSMU7QGWTRWR3EPOQTJ2OHXGYLARD3X62DNWELS34,C7RYOGEWDT7HZM3HKPSMU7QGWTRWR3EPOQTJ2OHXGYLARD3X62DNWELS34,1,axfer,127746157
163,C7RYOGEWDT7HZM3HKPSMU7QGWTRWR3EPOQTJ2OHXGYLARD3X62DNWELS34,C7RYOGEWDT7HZM3HKPSMU7QGWTRWR3EPOQTJ2OHXGYLARD3X62DNWELS34,1,axfer,127746157
164,C7RYOGEWDT7HZM3HKPSMU7QGWTRWR3EPOQTJ2OHXGYLARD3X62DNWELS34,C7RYOGEWDT7HZM3HKPSMU7QGWTRWR3EPOQTJ2OHXGYLARD3X62DNWELS34,1,axfer,127746157
165,C7RYOGEWDT7HZM3HKPSMU7QGWTRWR3EPOQTJ2OHXGYLARD3X62DNWELS34,C7RYOGEWDT7HZM3HKPSMU7QGWTRWR3EPOQTJ2OHXGYLARD3X62DNWELS34,1,axfer,127746157
166,C7RYOGEWDT7HZM3HKPSMU7QGWTRWR3EPOQTJ2OHXGYLARD3X62DNWELS34,C7RYOGEWDT7HZM3HKPSMU7QGWTRWR3EPOQTJ2OHXGYLARD3X62DNWELS34,1,axfer,127746157
167,C7RYOGEWDT7HZM3HKPSMU7QGWTRWR3EPOQTJ2OHXGYLARD3X62DNWELS34,C7RYOGEWDT7HZM3HKPSMU7QGWTRWR3EPOQTJ2OHXGYLARD3X62DNWELS34,1,axfer,127746157
168,C7RYOGEWDT7HZM3HKPSMU7QGWTRWR3EPOQTJ2OHXGYLARD3X62DNWELS34,C7RYOGEWDT7HZM3HKPSMU7QGWTRWR3EPOQTJ2OHXGYLARD3X62DNWELS34,1,axfer,127746157
169,C7RYOGEWDT7HZM3HKPSMU7QGWTRWR3EPOQTJ2OHXGYLARD3X62DNWELS34,C7RYOGEWDT7HZM3HKPSMU7QGWTRWR3EPOQTJ2OHXGYLARD3X62DNWELS34,1,axfer,127746157
170,C7RYOGEWDT7HZM3HKPSMU7QGWTRWR3EPOQTJ2OHXGYLARD3X62DNWELS34,C7RYOGEWDT7HZM3HKPSMU7QGWTRWR3EPOQTJ2OHXGYLARD3X62DNWELS34,1,axfer,127746157
171,C7RYOGEWDT7HZM3HKPSMU7QGWTRWR3EPOQTJ2OHXGYLARD3X62DNWELS34,C7RYOGEWDT7HZM3HKPSMU7QGWTRWR3EPOQTJ2OHXGYLARD3X62DNWELS34,1,axfer,127746157
172,C7RYOGEWDT7HZM3HKPSMU7QGWTRWR3EPOQTJ2OHXGYLARD3X62DNWELS34,C7RYOGEWDT7HZM3HKPSMU7QGWTRWR3EPOQTJ2OHXGYLARD3X62DNWELS34,1,axfer,127746157
173,C7RYOGEWDT7HZM3HKPSMU7QGWTRWR3EPOQTJ2OHXGYLARD3X62DNWELS34,C7RYOGEWDT7HZM3HKPSMU7QGWTRWR3EPOQTJ2OHXGYLARD3X62DNWELS34,1,axfer,127746157
174,C7RYOGEWDT7HZM3HKPSMU7QGWTRWR3EPOQTJ2OHXGYLARD3X62DNWELS34,C7RYOGEWDT7HZM3HKPSMU7QGWTRWR3EPOQTJ2OHXGYLARD3X62DNWELS34,1,axfer,127746157
175,C7RYOGEWDT7HZM3HKPSMU7QGWTRWR3EPOQTJ2OHXGYLARD3X62DNWELS34,C7RYOGEWDT7HZM3HKPSMU7QGWTRWR3EPOQTJ2OHXGYLARD3X62DNWELS34,1,axfer,127746157
176,C7RYOGEWDT7HZM3HKPSMU7QGWTRWR3EPOQTJ2OHXGYLARD3X62DNWELS34,C7RYOGEWDT7HZM3HKPSMU7QGWTRWR3EPOQTJ2OHXGYLARD3X62DNWELS34,1,axfer,127746157
177,C7RYOGEWDT7HZM3HKPSMU7QGWTRWR3EPOQTJ2OHXGYLARD3X62DNWELS34,C7RYOGEWDT7HZM3HKPSMU7QGWTRWR3EPOQTJ2OHXGYLARD3X62DNWELS34,1,axfer,127746157
178,C7RYOGEWDT7HZM3HKPSMU7QGWTRWR3EPOQTJ2OHXGYLARD3X62DNWELS34,C7RYOGEWDT7HZM3HKPSMU7QGWTRWR3EPOQTJ2OHXGYLARD3X62DNWELS34,1,axfer,127746157
179,C7RYOGEWDT7HZM3HKPSMU7QGWTRWR3EPOQTJ2OHXGYLARD3X62DNWELS34,C7RYOGEWDT7HZM3HKPSMU7QGWTRWR3EPOQTJ2OHXGYLARD3X62DNWELS34,1,axfer,127746157
180,C7RYOGEWDT7HZM3HKPSMU7QGWTRWR3EPOQTJ2OHXGYLARD3X62DNWELS34,C7RYOGEWDT7HZM3HKPSMU7QGWTRWR3EPOQTJ2OHXGYLARD3X62DNWELS34,1,axfer,127746157
181,C7RYOGEWDT7HZM3HKPSMU7QGWTRWR3EPOQTJ2OHXGYLARD3X62DNWELS34,C7RYOGEWDT7HZM3HKPSMU7QGWTRWR3EPOQTJ2OHXGYLARD3X62DNWELS34,1,axfer,127746157
182,C7RYOGEWDT7HZM3HKPSMU7QGWTRWR3EPOQTJ2OHXGYLARD3X62DNWELS34,C7RYOGEWDT7HZM3HKPSMU7QGWTRWR3EPOQTJ2OHXGYLARD3X62DNWELS34,1,axfer,127746157
183,C7RYOGEWDT7HZM3HKPSMU7QGWTRWR3EPOQTJ2OHXGYLARD3X62DNWELS34,C7RYOGEWDT7HZM3HKPSMU7QGWTRWR3EPOQTJ2OHXGYLARD3X62DNWELS34,1,axfer,127746157
184,C7RYOGEWDT7HZM3HKPSMU7QGWTRWR3EPOQTJ2OHXGYLARD3X62DNWELS34,C7RYOGEWDT7HZM3HKPSMU7QGWTRWR3EPOQTJ2OHXGYLARD3X62DNWELS34,1,axfer,127746157
185,C7RYOGEWDT7HZM3HKPSMU7QGWTRWR3EPOQTJ2OHXGYLARD3X62DNWELS34,C7RYOGEWDT7HZM3HKPSMU7QGWTRWR3EPOQTJ2OHXGYLARD3X62DNWELS34,1,axfer,127746157
186,C7RYOGEWDT7HZM3HKPSMU7QGWTRWR3EPOQTJ2OHXGYLARD3X62DNWELS34,C7RYOGEWDT7HZM3HKPSMU7QGWTRWR3EPOQTJ2OHXGYLARD3X62DNWELS34,1,axfer,127746157
187,C7RYOGEWDT7HZM3HKPSMU7QGWTRWR3EPOQTJ2OHXGYLARD3X62DNWELS34,C7RYOGEWDT7HZM3HKPSMU7QGWTRWR3EPOQTJ2OHXGYLARD3X62DNWELS34,1,axfer,127746157
188,C7RYOGEWDT7HZM3HKPSMU7QGWTRWR3EPOQTJ2OHXGYLARD3X62DNWELS34,C7RYOGEWDT7HZM3HKPSMU7QGWTRWR3EPOQTJ2OHXGYLARD3X62DNWELS34,1,axfer,127746157
189,C7RYOGEWDT7HZM3HKPSMU7QGWTRWR3EPOQTJ2OHXGYLARD3X62DNWELS34,C7RYOGEWDT7HZM3HKPSMU7QGWTRWR3EPOQTJ2OHXGYLARD3X62DNWELS34,1,axfer,127746157
190,C7RYOGEWDT7HZM3HKPSMU7QGWTRWR3EPOQTJ2OHXGYLARD3X62DNWELS34,C7RYOGEWDT7HZM3HKPSMU7QGWTRWR3EPOQTJ2OHXGYLARD3X62DNWELS34,1,axfer,127746157
191,C7RYOGEWDT7HZM3HKPSMU7QGWTRWR3EPOQTJ2OHXGYLARD3X62DNWELS34,C7RYOGEWDT7HZM3HKPSMU7QGWTRWR3EPOQTJ2OHXGYLARD3X62DNWELS34,1,axfer,127746157
192,C7RYOGEWDT7HZM3HKPSMU7QGWTRWR3EPOQTJ2OHXGYLARD3X62DNWELS34,C7RYOGEWDT7HZM3HKPSMU7QGWTRWR3EPOQTJ2OHXGYLARD3X62DNWELS34,1,axfer,127746157
193,C7RYOGEWDT7HZM3HKPSMU7QGWTRWR3EPOQTJ2OHXGYLARD3X62DNWELS34,C7RYOGEWDT7HZM3HKPSMU7QGWTRWR3EPOQTJ2OHXGYLARD3X62DNWELS34,1,axfer,127746157
194,C7RYOGEWDT7HZM3HKPSMU7QGWTRWR3EPOQTJ2OHXGYLARD3X62DNWELS34,C7RYOGEWDT7HZM3HKPSMU7QGWTRWR3EPOQTJ2OHXGYLARD3X62DNWELS34,1,axfer,127746157
195,C7RYOGEWDT7HZM3HKPSMU7QGWTRWR3EPOQTJ2OHXGYLARD3X62DNWELS34,C7RYOGEWDT7HZM3HKPSMU7QGWTRWR3EPOQTJ2OHXGYLARD3X62DNWELS34,1,axfer,127746157
196,C7RYOGEWDT7HZM3HKPSMU7QGWTRWR3EPOQTJ2OHXGYLARD3X62DNWELS34,C7RYOGEWDT7HZM3HKPSMU7QGWTRWR3EPOQTJ2OHXGYLARD3X62DNWELS34,1,axfer,127746157
197,C7RYOGEWDT7HZM3HKPSMU7QGWTRWR3EPOQTJ2OHXGYLARD3X62DNWELS34,C7RYOGEWDT7HZM3HKPSMU7QGWTRWR3EPOQTJ2OHXGYLARD3X62DNWELS34,1,axfer,127746157
198,C7RYOGEWDT7HZM3HKPSMU7QGWTRWR3EPOQTJ2OHXGYLARD3X62DNWELS34,C7RYOGEWDT7HZM3HKPSMU7QGWTRWR3EPOQTJ2OHXGYLARD3X62DNWELS34,1,axfer,127746157
199,C7RYOGEWDT7HZM3HKPSMU7QGWTRWR3EPOQTJ2OHXGYLARD3X62DNWELS34,C7RYOGEWDT7HZM3HKPSMU7QGWTRWR3EPOQTJ2OHXGYLARD3X62DNWELS34,1,axfer,127746157
200,C7RYOGEWDT7HZM3HKPSMU7QGWTRWR3EPOQTJ2OHXGYLARD3X62DNWELS34,C7RYOGEWDT7HZM3HKPSMU7QGWTRWR3EPOQTJ2OHXGYLARD3X62DNWELS34,1,axfer,127746157
201,C7RYOGEWDT7HZM3HKPSMU7QGWTRWR3EPOQTJ2OHXGYLARD3X62DNWELS34,C7RYOGEWDT7HZM3HKPSMU7QGWTRWR3EPOQTJ2OHXGYLARD3X62DNWELS34,1,axfer,127746157
202,C7RYOGEWDT7HZM3HKPSMU7QGWTRWR3EPOQTJ2OHXGYLARD3X62DNWELS34,C7RYOGEWDT7HZM3HKPSMU7QGWTRWR3EPOQTJ2OHXGYLARD3X62DNWELS34,1,axfer,127746157
203,C7RYOGEWDT7HZM3HKPSMU7QGWTRWR3EPOQTJ2OHXGYLARD3X62DNWELS34,C7RYOGEWDT7HZM3HKPSMU7QGWTRWR3EPOQTJ2OHXGYLARD3X62DNWELS34,1,axfer,127746157
204,C7RYOGEWDT7HZM3HKPSMU7QGWTRWR3EPOQTJ2OHXGYLARD3X62DNWELS34,C7RYOGEWDT7HZM3HKPSMU7QGWTRWR3EPOQTJ2OHXGYLARD3X62DNWELS34,1,axfer,127746157
205,C7RYOGEWDT7HZM3HKPSMU7QGWTRWR3EPOQTJ2OHXGYLARD3X62DNWELS34,C7RYOGEWDT7HZM3HKPSMU7QGWTRWR3EPOQTJ2OHXGYLARD3X62DNWELS34,1,axfer,127746157
206,C7RYOGEWDT7HZM3HKPSMU7QGWTRWR3EPOQTJ2OHXGYLARD3X62DNWELS34,C7RYOGEWDT7HZM3HKPSMU7QGWTRWR3EPOQTJ2OHXGYLARD3X62DNWELS34,1,axfer,127746157
207,C7RYOGEWDT7HZM3HKPSMU7QGWTRWR3EPOQTJ2OHXGYLARD3X62DNWELS34,C7RYOGEWDT7HZM3HKPSMU7QGWTRWR3EPOQTJ2OHXGYLARD3X62DNWELS34,1,axfer,127746157
208,C7RYOGEWDT7HZM3HKPSMU7QGWTRWR3EPOQTJ2OHXGYLARD3X62DNWELS34,C7RYOGEWDT7HZM3HKPSMU7QGWTRWR3EPOQTJ2OHXGYLARD3X62DNWELS34,1,axfer,127746157
209,C7RYOGEWDT7HZM3HKPSMU7QGWTRWR3EPOQTJ2OHXGYLARD3X62DNWELS34,C7RYOGEWDT7HZM3HKPSMU7QGWTRWR3EPOQTJ2OHXGYLARD3X62DNWELS34,1,axfer,127746157
210,C7RYOGEWDT7HZM3HKPSMU7QGWTRWR3EPOQTJ2OHXGYLARD3X62DNWELS34,C7RYOGEWDT7HZM3HKPSMU7QGWTRWR3EPOQTJ2OHXGYLARD3X62DNWELS34,1,axfer,127746157
211,C7RYOGEWDT7HZM3HKPSMU7QGWTRWR3EPOQTJ2OHXGYLARD3X62DNWELS34,C7RYOGEWDT7HZM3HKPSMU7QGWTRWR3EPOQTJ2OHXGYLARD3X62DNWELS34,1,axfer,127746157
212,C7RYOGEWDT7HZM3HKPSMU7QGWTRWR3EPOQTJ2OHXGYLARD3X62DNWELS34,C7RYOGEWDT7HZM3HKPSMU7QGWTRWR3EPOQTJ2OHXGYLARD3X62DNWELS34,1,axfer,127746157
213,C7RYOGEWDT7HZM3HKPSMU7QGWTRWR3EPOQTJ2OHXGYLARD3X62DNWELS34,C7RYOGEWDT7HZM3HKPSMU7QGWTRWR3EPOQTJ2OHXGYLARD3X62DNWELS34,1,axfer,127746157
214,C7RYOGEWDT7HZM3HKPSMU7QGWTRWR3EPOQTJ2OHXGYLARD3X62DNWELS34,C7RYOGEWDT7HZM3HKPSMU7QGWTRWR3EPOQTJ2OHXGYLARD3X62DNWELS34,1,axfer,127746157
215,C7RYOGEWDT7HZM3HKPSMU7QGWTRWR3EPOQTJ2OHXGYLARD3X62DNWELS34,C7RYOGEWDT7HZM3HKPSMU7QGWTRWR3EPOQTJ2OHXGYLARD3X62DNWELS34,1,axfer,127746157
216,C7RYOGEWDT7HZM3HKPSMU7QGWTRWR3EPOQTJ2OHXGYLARD3X62DNWELS34,C7RYOGEWDT7HZM3HKPSMU7QGWTRWR3EPOQTJ2OHXGYLARD3X62DNWELS34,1,axfer,127746157
217,C7RYOGEWDT7HZM3HKPSMU7QGWTRWR3EPOQTJ2OHXGYLARD3X62DNWELS34,C7RYOGEWDT7HZM3HKPSMU7QGWTRWR3EPOQTJ2OHXGYLARD3X62DNWELS34,1,axfer,127746157
218,C7RYOGEWDT7HZM3HKPSMU7QGWTRWR3EPOQTJ2OHXGYLARD3X62DNWELS34,C7RYOGEWDT7HZM3HKPSMU7QGWTRWR3EPOQTJ2OHXGYLARD3X62DNWELS34,1,axfer,127746157
219,C7RYOGEWDT7HZM3HKPSMU7QGWTRWR3EPOQTJ2OHXGYLARD3X62DNWELS34,C7RYOGEWDT7HZM3HKPSMU7QGWTRWR3EPOQTJ2OHXGYLARD3X62DNWELS34,1,axfer,127746157
220,C7RYOGEWDT7HZM3HKPSMU7QGWTRWR3EPOQTJ2OHXGYLARD3X62DNWELS34,C7RYOGEWDT7HZM3HKPSMU7QGWTRWR3EPOQTJ2OHXGYLARD3X62DNWELS34,1,axfer,127746157
221,C7RYOGEWDT7HZM3HKPSMU7QGWTRWR3EPOQTJ2OHXGYLARD3X62DNWELS34,C7RYOGEWDT7HZM3HKPSMU7QGWTRWR3EPOQTJ2OHXGYLARD3X62DNWELS34,1,axfer,127746157
222,C7RYOGEWDT7HZM3HKPSMU7QGWTRWR3EPOQTJ2OHXGYLARD3X62DNWELS34,C7RYOGEWDT7HZM3HKPSMU7QGWTRWR3EPOQTJ2OHXGYLARD3X62DNWELS34,1,axfer,127746157
223,C7RYOGEWDT7HZM3HKPSMU7QGWTRWR3EPOQTJ2OHXGYLARD3X62DNWELS34,C7RYOGEWDT7HZM3HKPSMU7QGWTRWR3EPOQTJ2OHXGYLARD3X62DNWELS34,1,axfer,127746157
224,C7RYOGEWDT7HZM3HKPSMU7QGWTRWR3EPOQTJ2OHXGYLARD3X62DNWELS34,C7RYOGEWDT7HZM3HKPSMU7QGWTRWR3EPOQTJ2OHXGYLARD3X62DNWELS34,1,axfer,127746157
225,C7RYOGEWDT7HZM3HKPSMU7QGWTRWR3EPOQTJ2OHXGYLARD3X62DNWELS34,C7RYOGEWDT7HZM3HKPSMU7QGWTRWR3EPOQTJ2OHXGYLARD3X62DNWELS34,1,axfer,127746157
226,C7RYOGEWDT7HZM3HKPSMU7QGWTRWR3EPOQTJ2OHXGYLARD3X62DNWELS34,C7RYOGEWDT7HZM3HKPSMU7QGWTRWR3EPOQTJ2OHXGYLARD3X62DNWELS34,1,axfer,127746157
227,C7RYOGEWDT7HZM3HKPSMU7QGWTRWR3EPOQTJ2OHXGYLARD3X62DNWELS34,C7RYOGEWDT7HZM3HKPSMU7QGWTRWR3EPOQTJ2OHXGYLARD3X62DNWELS34,1,axfer,127746157
228,C7RYOGEWDT7HZM3HKPSMU7QGWTRWR3EPOQTJ2OHXGYLARD3X62DNWELS34,C7RYOGEWDT7HZM3HKPSMU7QGWTRWR3EPOQTJ2OHXGYLARD3X62DNWELS34,1,axfer,127746157
229,C7RYOGEWDT7HZM3HKPSMU7QGWTRWR3EPOQTJ2OHXGYLARD3X62DNWELS34,C7RYOGEWDT7HZM3HKPSMU7QGWTRWR3EPOQTJ2OHXGYLARD3X62DNWELS34,1,axfer,127746157
230,C7RYOGEWDT7HZM3HKPSMU7QGWTRWR3EPOQTJ2OHXGYLARD3X62DNWELS34,C7RYOGEWDT7HZM3HKPSMU7QGWTRWR3EPOQTJ2OHXGYLARD3X62DNWELS34,1,axfer,127746157
231,C7RYOGEWDT7HZM3HKPSMU7QGWTRWR3EPOQTJ2OHXGYLARD3X62DNWELS34,C7RYOGEWDT7HZM3HKPSMU7QGWTRWR3EPOQTJ2OHXGYLARD3X62DNWELS34,1,axfer,127746157
232,C7RYOGEWDT7HZM3HKPSMU7QGWTRWR3EPOQTJ2OHXGYLARD3X62DNWELS34,C7RYOGEWDT7HZM3HKPSMU7QGWTRWR3EPOQTJ2OHXGYLARD3X62DNWELS34,1,axfer,127746157
233,C7RYOGEWDT7HZM3HKPSMU7QGWTRWR3EPOQTJ2OHXGYLARD3X62DNWELS34,C7RYOGEWDT7HZM3HKPSMU7QGWTRWR3EPOQTJ2OHXGYLARD3X62DNWELS34,1,axfer,127746157
234,C7RYOGEWDT7HZM3HKPSMU7QGWTRWR3EPOQTJ2OHXGYLARD3X62DNWELS34,C7RYOGEWDT7HZM3HKPSMU7QGWTRWR3EPOQTJ2OHXGYLARD3X62DNWELS34,1,axfer,127746157
235,C7RYOGEWDT7HZM3HKPSMU7QGWTRWR3EPOQTJ2OHXGYLARD3X62DNWELS34,C7RYOGEWDT7HZM3HKPSMU7QGWTRWR3EPOQTJ2OHXGYLARD3X62DNWELS34,1,axfer,127746157
236,C7RYOGEWDT7HZM3HKPSMU7QGWTRWR3EPOQTJ2OHXGYLARD3X62DNWELS34,C7RYOGEWDT7HZM3HKPSMU7QGWTRWR3EPOQTJ2OHXGYLARD3X62DNWELS34,1,axfer,127746157
237,C7RYOGEWDT7HZM3HKPSMU7QGWTRWR3EPOQTJ2OHXGYLARD3X62DNWELS34,C7RYOGEWDT7HZM3HKPSMU7QGWTRWR3EPOQTJ2OHXGYLARD3X62DNWELS34,1,axfer,127746157
238,C7RYOGEWDT7HZM3HKPSMU7QGWTRWR3EPOQTJ2OHXGYLARD3X62DNWELS34,C7RYOGEWDT7HZM3HKPSMU7QGWTRWR3EPOQTJ2OHXGYLARD3X62DNWELS34,1,axfer,127746157
239,C7RYOGEWDT7HZM3HKPSMU7QGWTRWR3EPOQTJ2OHXGYLARD3X62DNWELS34,C7RYOGEWDT7HZM3HKPSMU7QGWTRWR3EPOQTJ2OHXGYLARD3X62DNWELS34,1,axfer,127746157
240,C7RYOGEWDT7HZM3HKPSMU7QGWTRWR3EPOQTJ2OHXGYLARD3X62DNWELS34,C7RYOGEWDT7HZM3HKPSMU7QGWTRWR3EPOQTJ2OHXGYLARD3X62DNWELS34,1,axfer,127746157
241,C7RYOGEWDT7HZM3HKPSMU7QGWTRWR3EPOQTJ2OHXGYLARD3X62DNWELS34,C7RYOGEWDT7HZM3HKPSMU7QGWTRWR3EPOQTJ2OHXGYLARD3X62DNWELS34,1,axfer,127746157
242,C7RYOGEWDT7HZM3HKPSMU7QGWTRWR3EPOQTJ2OHXGYLARD3X62DNWELS34,C7RYOGEWDT7HZM3HKPSMU7QGWTRWR3EPOQTJ2OHXGYLARD3X62DNWELS34,1,axfer,127746157
243,C7RYOGEWDT7HZM3HKPSMU7QGWTRWR3EPOQTJ2OHXGYLARD3X62DNWELS34,C7RYOGEWDT7HZM3HKPSMU7QGWTRWR3EPOQTJ2OHXGYLARD3X62DNWELS34,1,axfer,127746157
244,C7RYOGEWDT7HZM3HKPSMU7QGWTRWR3EPOQTJ2OHXGYLARD3X62DNWELS34,C7RYOGEWDT7HZM3HKPSMU7QGWTRWR3EPOQTJ2OHXGYLARD3X62DNWELS34,1,axfer,127746157
245,C7RYOGEWDT7HZM3HKPSMU7QGWTRWR3EPOQTJ2OHXGYLARD3X62DNWELS34,C7RYOGEWDT7HZM3HKPSMU7QGWTRWR3EPOQTJ2OHXGYLARD3X62DNWELS34,1,axfer,127746157
246,C7RYOGEWDT7HZM3HKPSMU7QGWTRWR3EPOQTJ2OHXGYLARD3X62DNWELS34,C7RYOGEWDT7HZM3HKPSMU7QGWTRWR3EPOQTJ2OHXGYLARD3X62DNWELS34,1,axfer,127746157
247,C7RYOGEWDT7HZM3HKPSMU7QGWTRWR3EPOQTJ2OHXGYLARD3X62DNWELS34,C7RYOGEWDT7HZM3HKPSMU7QGWTRWR3EPOQTJ2OHXGYLARD3X62DNWELS34,1,axfer,127746157
248,C7RYOGEWDT7HZM3HKPSMU7QGWTRWR3EPOQTJ2OHXGYLARD3X62DNWELS34,C7RYOGEWDT7HZM3HKPSMU7QGWTRWR3EPOQTJ2OHXGYLARD3X62DNWELS34,1,axfer,127746157
249,C7RYOGEWDT7HZM3HKPSMU7QGWTRWR3EPOQTJ2OHXGYLARD3X62DNWELS34,C7RYOGEWDT7HZM3HKPSMU7QGWTRWR3EPOQTJ2OHXGYLARD3X62DNWELS34,1,axfer,127746157
250,C7RYOGEWDT7HZM3HKPSMU7QGWTRWR3EPOQTJ2OHXGYLARD3X62DNWELS34,C7RYOGEWDT7HZM3HKPSMU7QGWTRWR3EPOQTJ2OHXGYLARD3X62DNWELS34,1,axfer,127746157
251,C7RYOGEWDT7HZM3HKPSMU7QGWTRWR3EPOQTJ2OHXGYLARD3X62DNWELS34,C7RYOGEWDT7HZM3HKPSMU7QGWTRWR3EPOQTJ2OHXGYLARD3X62DNWELS34,1,axfer,127746157
252,C7RYOGEWDT7HZM3HKPSMU7QGWTRWR3EPOQTJ2OHXGYLARD3X62DNWELS34,C7RYOGEWDT7HZM3HKPSMU7QGWTRWR3EPOQTJ2OHXGYLARD3X62DNWELS34,1,axfer,127746157
253,C7RYOGEWDT7HZM3HKPSMU7QGWTRWR3EPOQTJ2OHXGYLARD3X62DNWELS34,C7RYOGEWDT7HZM3HKPSMU7QGWTRWR3EPOQTJ2OHXGYLARD3X62DNWELS34,1,axfer,127746157
254,C7RYOGEWDT7HZM3HKPSMU7QGWTRWR3EPOQTJ2OHXGYLARD3X62DNWELS34,C7RYOGEWDT7HZM3HKPSMU7QGWTRWR3EPOQTJ2OHXGYLARD3X62DNWELS34,1,axfer,127746157
255,C7RYOGEWDT7HZM3HKPSMU7QGWTRWR3EPOQTJ2OHXGYLARD3X62DNWELS34,C7RYOGEWDT7HZM3HKPSMU7QGWTRWR3EPOQTJ2OHXGYLARD3X62DNWELS34,1,axfer,127746157
256,C7RYOGEWDT7HZM3HKPSMU7QGWTRWR3EPOQTJ2OHXGYLARD3X62DNWELS34,C7RYOGEWDT7HZM3HKPSMU7QGWTRWR3EPOQTJ2OHXGYLARD3X62DNWELS34,1,axfer,127746157
257,C7RYOGEWDT7HZM3HKPSMU7QGWTRWR3EPOQTJ2OHXGYLARD3X62DNWELS34,C7RYOGEWDT7HZM3HKPSMU7QGWTRWR3EPOQTJ2OHXGYLARD3X62DNWELS34,1,axfer,127746157
258,C7RYOGEWDT7HZM3HKPSMU7QGWTRWR3EPOQTJ2OHXGYLARD3X62DNWELS34,C7RYOGEWDT7HZM3HKPSMU7QGWTRWR3EPOQTJ2OHXGYLARD3X62DNWELS34,1,axfer,127746157
259,C7RYOGEWDT7HZM3HKPSMU7QGWTRWR3EPOQTJ2OHXGYLARD3X62DNWELS34,C7RYOGEWDT7HZM3HKPSMU7QGWTRWR3EPOQTJ2OHXGYLARD3X62DNWELS34,1,axfer,127746157
260,C7RYOGEWDT7HZM3HKPSMU7QGWTRWR3EPOQTJ2OHXGYLARD3X62DNWELS34,C7RYOGEWDT7HZM3HKPSMU7QGWTRWR3EPOQTJ2OHXGYLARD3X62DNWELS34,1,axfer,127746157
261,C7RYOGEWDT7HZM3HKPSMU7QGWTRWR3EPOQTJ2OHXGYLARD3X62DNWELS34,C7RYOGEWDT7HZM3HKPSMU7QGWTRWR3EPOQTJ2OHXGYLARD3X62DNWELS34,1,axfer,127746157
262,C7RYOGEWDT7HZM3HKPSMU7QGWTRWR3EPOQTJ2OHXGYLARD3X62DNWELS34,C7RYOGEWDT7HZM3HKPSMU7QGWTRWR3EPOQTJ2OHXGYLARD3X62DNWELS34,1,axfer,127746157
263,C7RYOGEWDT7HZM3HKPSMU7QGWTRWR3EPOQTJ2OHXGYLARD3X62DNWELS34,C7RYOGEWDT7HZM3HKPSMU7QGWTRWR3EPOQTJ2OHXGYLARD3X62DNWELS34,1,axfer,127746157
264,C7RYOGEWDT7HZM3HKPSMU7QGWTRWR3EPOQTJ2OHXGYLARD3X62DNWELS34,C7RYOGEWDT7HZM3HKPSMU7QGWTRWR3EPOQTJ2OHXGYLARD3X62DNWELS34,1,axfer,127746157
265,C7RYOGEWDT7HZM3HKPSMU7QGWTRWR3EPOQTJ2OHXGYLARD3X62DNWELS34,C7RYOGEWDT7HZM3HKPSMU7QGWTRWR3EPOQTJ2OHXGYLARD3X62DNWELS34,1,axfer,127746157
266,C7RYOGEWDT7HZM3HKPSMU7QGWTRWR3EPOQTJ2OHXGYLARD3X62DNWELS34,C7RYOGEWDT7HZM3HKPSMU7QGWTRWR3EPOQTJ2OHXGYLARD3X62DNWELS34,1,axfer,127746157
267,C7RYOGEWDT7HZM3HKPSMU7QGWTRWR3EPOQTJ2OHXGYLARD3X62DNWELS34,C7RYOGEWDT7HZM3HKPSMU7QGWTRWR3EPOQTJ2OHXGYLARD3X62DNWELS34,1,axfer,127746157
268,C7RYOGEWDT7HZM3HKPSMU7QGWTRWR3EPOQTJ2OHXGYLARD3X62DNWELS34,C7RYOGEWDT7HZM3HKPSMU7QGWTRWR3EPOQTJ2OHXGYLARD3X62DNWELS34,1,axfer,127746157
269,C7RYOGEWDT7HZM3HKPSMU7QGWTRWR3EPOQTJ2OHXGYLARD3X62DNWELS34,C7RYOGEWDT7HZM3HKPSMU7QGWTRWR3EPOQTJ2OHXGYLARD3X62DNWELS34,1,axfer,127746157
270,C7RYOGEWDT7HZM3HKPSMU7QGWTRWR3EPOQTJ2OHXGYLARD3X62DNWELS34,C7RYOGEWDT7HZM3HKPSMU7QGWTRWR3EPOQTJ2OHXGYLARD3X62DNWELS34,1,axfer,127746157
271,C7RYOGEWDT7HZM3HKPSMU7QGWTRWR3EPOQTJ2OHXGYLARD3X62DNWELS34,C7RYOGEWDT7HZM3HKPSMU7QGWTRWR3EPOQTJ2OHXGYLARD3X62DNWELS34,1,axfer,127746157
272,C7RYOGEWDT7HZM3HKPSMU7QGWTRWR3EPOQTJ2OHXGYLARD3X62DNWELS34,C7RYOGEWDT7HZM3HKPSMU7QGWTRWR3EPOQTJ2OHXGYLARD3X62DNWELS34,1,axfer,127746157
273,C7RYOGEWDT7HZM3HKPSMU7QGWTRWR3EPOQTJ2OHXGYLARD3X62DNWELS34,C7RYOGEWDT7HZM3HKPSMU7QGWTRWR3EPOQTJ2OHXGYLARD3X62DNWELS34,1,axfer,127746157
274,C7RYOGEWDT7HZM3HKPSMU7QGWTRWR3EPOQTJ2OHXGYLARD3X62DNWELS34,C7RYOGEWDT7HZM3HKPSMU7QGWTRWR3EPOQTJ2OHXGYLARD3X62DNWELS34,1,axfer,127746157
275,C7RYOGEWDT7HZM3HKPSMU7QGWTRWR3EPOQTJ2OHXGYLARD3X62DNWELS34,C7RYOGEWDT7HZM3HKPSMU7QGWTRWR3EPOQTJ2OHXGYLARD3X62DNWELS34,1,axfer,127746157
276,C7RYOGEWDT7HZM3HKPSMU7QGWTRWR3EPOQTJ2OHXGYLARD3X62DNWELS34,C7RYOGEWDT7HZM3HKPSMU7QGWTRWR3EPOQTJ2OHXGYLARD3X62DNWELS34,1,axfer,127746157
277,C7RYOGEWDT7HZM3HKPSMU7QGWTRWR3EPOQTJ2OHXGYLARD3X62DNWELS34,C7RYOGEWDT7HZM3HKPSMU7QGWTRWR3EPOQTJ2OHXGYLARD3X62DNWELS34,1,axfer,127746157
278,C7RYOGEWDT7HZM3HKPSMU7QGWTRWR3EPOQTJ2OHXGYLARD3X62DNWELS34,C7RYOGEWDT7HZM3HKPSMU7QGWTRWR3EPOQTJ2OHXGYLARD3X62DNWELS34,1,axfer,127746157
279,C7RYOGEWDT7HZM3HKPSMU7QGWTRWR3EPOQTJ2OHXGYLARD3X62DNWELS34,C7RYOGEWDT7HZM3HKPSMU7QGWTRWR3EPOQTJ2OHXGYLARD3X62DNWELS34,1,axfer,127746157
280,C7RYOGEWDT7HZM3HKPSMU7QGWTRWR3EPOQTJ2OHXGYLARD3X62DNWELS34,C7RYOGEWDT7HZM3HKPSMU7QGWTRWR3EPOQTJ2OHXGYLARD3X62DNWELS34,1,axfer,127746157
281,C7RYOGEWDT7HZM3HKPSMU7QGWTRWR3EPOQTJ2OHXGYLARD3X62DNWELS34,C7RYOGEWDT7HZM3HKPSMU7QGWTRWR3EPOQTJ2OHXGYLARD3X62DNWELS34,1,axfer,127746157
282,C7RYOGEWDT7HZM3HKPSMU7QGWTRWR3EPOQTJ2OHXGYLARD3X62DNWELS34,C7RYOGEWDT7HZM3HKPSMU7QGWTRWR3EPOQTJ2OHXGYLARD3X62DNWELS34,1,axfer,127746157
283,C7RYOGEWDT7HZM3HKPSMU7QGWTRWR3EPOQTJ2OHXGYLARD3X62DNWELS34,C7RYOGEWDT7HZM3HKPSMU7QGWTRWR3EPOQTJ2OHXGYLARD3X62DNWELS34,1,axfer,127746157
284,C7RYOGEWDT7HZM3HKPSMU7QGWTRWR3EPOQTJ2OHXGYLARD3X62DNWELS34,C7RYOGEWDT7HZM3HKPSMU7QGWTRWR3EPOQTJ2OHXGYLARD3X62DNWELS34,1,axfer,127746157
285,C7RYOGEWDT7HZM3HKPSMU7QGWTRWR3EPOQTJ2OHXGYLARD3X62DNWELS34,C7RYOGEWDT7HZM3HKPSMU7QGWTRWR3EPOQTJ2OHXGYLARD3X62DNWELS34,1,axfer,127746157
286,C7RYOGEWDT7HZM3HKPSMU7QGWTRWR3EPOQTJ2OHXGYLARD3X62DNWELS34,C7RYOGEWDT7HZM3HKPSMU7QGWTRWR3EPOQTJ2OHXGYLARD3X62DNWELS34,1,axfer,127746157
287,C7RYOGEWDT7HZM3HKPSMU7QGWTRWR3EPOQTJ2OHXGYLARD3X62DNWELS34,C7RYOGEWDT7HZM3HKPSMU7QGWTRWR3EPOQTJ2OHXGYLARD3X62DNWELS34,1,axfer,127746157
288,C7RYOGEWDT7HZM3HKPSMU7QGWTRWR3EPOQTJ2OHXGYLARD3X62DNWELS34,C7RYOGEWDT7HZM3HKPSMU7QGWTRWR3EPOQTJ2OHXGYLARD3X62DNWELS34,1,axfer,127746157
289,C7RYOGEWDT7HZM3HKPSMU7QGWTRWR3EPOQTJ2OHXGYLARD3X62DNWELS34,C7RYOGEWDT7HZM3HKPSMU7QGWTRWR3EPOQTJ2OHXGYLARD3X62DNWELS34,1,axfer,127746157
290,C7RYOGEWDT7HZM3HKPSMU7QGWTRWR3EPOQTJ2OHXGYLARD3X62DNWELS34,C7RYOGEWDT7HZM3HKPSMU7QGWTRWR3EPOQTJ2OHXGYLARD3X62DNWELS34,1,axfer,127746157
291,C7RYOGEWDT7HZM3HKPSMU7QGWTRWR3EPOQTJ2OHXGYLARD3X62DNWELS34,C7RYOGEWDT7HZM3HKPSMU7QGWTRWR3EPOQTJ2OHXGYLARD3X62DNWELS34,1,axfer,127746157
292,C7RYOGEWDT7HZM3HKPSMU7QGWTRWR3EPOQTJ2OHXGYLARD3X62DNWELS34,C7RYOGEWDT7HZM3HKPSMU7QGWTRWR3EPOQTJ2OHXGYLARD3X62DNWELS34,1,axfer,127746157
293,C7RYOGEWDT7HZM3HKPSMU7QGWTRWR3EPOQTJ2OHXGYLARD3X62DNWELS34,C7RYOGEWDT7HZM3HKPSMU7QGWTRWR3EPOQTJ2OHXGYLARD3X62DNWELS34,1,axfer,127746157
294,C7RYOGEWDT7HZM3HKPSMU7QGWTRWR3EPOQTJ2OHXGYLARD3X62DNWELS34,C7RYOGEWDT7HZM3HKPSMU7QGWTRWR3EPOQTJ2OHXGYLARD3X62DNWELS34,1,axfer,127746157
295,C7RYOGEWDT7HZM3HKPSMU7QGWTRWR3EPOQTJ2OHXGYLARD3X62DNWELS34,C7RYOGEWDT7HZM3HKPSMU7QGWTRWR3EPOQTJ2OHXGYLARD3X62DNWELS34,1,axfer,127746157
296,C7RYOGEWDT7HZM3HKPSMU7QGWTRWR3EPOQTJ2OHXGYLARD3X62DNWELS34,C7RYOGEWDT7HZM3HKPSMU7QGWTRWR3EPOQTJ2OHXGYLARD3X62DNWELS34,1,axfer,127746157
297,C7RYOGEWDT7HZM3HKPSMU7QGWTRWR3EPOQTJ2OHXGYLARD3X62DNWELS34,C7RYOGEWDT7HZM3HKPSMU7QGWTRWR3EPOQTJ2OHXGYLARD3X62DNWELS34,1,axfer,127746157
298,C7RYOGEWDT7HZM3HKPSMU7QGWTRWR3EPOQTJ2OHXGYLARD3X62DNWELS34,C7RYOGEWDT7HZM3HKPSMU7QGWTRWR3EPOQTJ2OHXGYLARD3X62DNWELS34,1,axfer,127746157
299,C7RYOGEWDT7HZM3HKPSMU7QGWTRWR3EPOQTJ2OHXGYLARD3X62DNWELS34,C7RYOGEWDT7HZM3HKPSMU7QGWTRWR3EPOQTJ2OHXGYLARD3X62DNWELS34,1,axfer,127746157
300,C7RYOGEWDT7HZM3HKPSMU7QGWTRWR3EPOQTJ2OHXGYLARD3X62DNWELS34,C7RYOGEWDT7HZM3HKPSMU7QGWTRWR3EPOQTJ2OHXGYLARD3X62DNWELS34,1,axfer,127746157
301,C7RYOGEWDT7HZM3HKPSMU7QGWTRWR3EPOQTJ2OHXGYLARD3X62DNWELS34,C7RYOGEWDT7HZM3HKPSMU7QGWTRWR3EPOQTJ2OHXGYLARD3X62DNWELS34,1,axfer,127746157
302,C7RYOGEWDT7HZM3HKPSMU7QGWTRWR3EPOQTJ2OHXGYLARD3X62DNWELS34,C7RYOGEWDT7HZM3HKPSMU7QGWTRWR3EPOQTJ2OHXGYLARD3X62DNWELS34,1,axfer,127746157
303,C7RYOGEWDT7HZM3HKPSMU7QGWTRWR3EPOQTJ2OHXGYLARD3X62DNWELS34,C7RYOGEWDT7HZM3HKPSMU7QGWTRWR3EPOQTJ2OHXGYLARD3X62DNWELS34,1,axfer,127746157
304,C7RYOGEWDT7HZM3HKPSMU7QGWTRWR3EPOQTJ2OHXGYLARD3X62DNWELS34,C7RYOGEWDT7HZM3HKPSMU7QGWTRWR3EPOQTJ2OHXGYLARD3X62DNWELS34,1,axfer,127746157
305,C7RYOGEWDT7HZM3HKPSMU7QGWTRWR3EPOQTJ2OHXGYLARD3X62DNWELS34,C7RYOGEWDT7HZM3HKPSMU7QGWTRWR3EPOQTJ2OHXGYLARD3X62DNWELS34,1,axfer,127746157
306,C7RYOGEWDT7HZM3HKPSMU7QGWTRWR3EPOQTJ2OHXGYLARD3X62DNWELS34,C7RYOGEWDT7HZM3HKPSMU7QGWTRWR3EPOQTJ2OHXGYLARD3X62DNWELS34,1,axfer,127746157
307,C7RYOGEWDT7HZM3HKPSMU7QGWTRWR3EPOQTJ2OHXGYLARD3X62DNWELS34,C7RYOGEWDT7HZM3HKPSMU7QGWTRWR3EPOQTJ2OHXGYLARD3X62DNWELS34,1,axfer,127746157
308,C7RYOGEWDT7HZM3HKPSMU7QGWTRWR3EPOQTJ2OHXGYLARD3X62DNWELS34,C7RYOGEWDT7HZM3HKPSMU7QGWTRWR3EPOQTJ2OHXGYLARD3X62DNWELS34,1,axfer,127746157
309,C7RYOGEWDT7HZM3HKPSMU7QGWTRWR3EPOQTJ2OHXGYLARD3X62DNWELS34,C7RYOGEWDT7HZM3HKPSMU7QGWTRWR3EPOQTJ2OHXGYLARD3X62DNWELS34,1,axfer,127746157
310,C7RYOGEWDT7HZM3HKPSMU7QGWTRWR3EPOQTJ2OHXGYLARD3X62DNWELS34,C7RYOGEWDT7HZM3HKPSMU7QGWTRWR3EPOQTJ2OHXGYLARD3X62DNWELS34,1,axfer,127746157
311,C7RYOGEWDT7HZM3HKPSMU7QGWTRWR3EPOQTJ2OHXGYLARD3X62DNWELS34,C7RYOGEWDT7HZM3HKPSMU7QGWTRWR3EPOQTJ2OHXGYLARD3X62DNWELS34,1,axfer,127746157
312,C7RYOGEWDT7HZM3HKPSMU7QGWTRWR3EPOQTJ2OHXGYLARD3X62DNWELS34,C7RYOGEWDT7HZM3HKPSMU7QGWTRWR3EPOQTJ2OHXGYLARD3X62DNWELS34,1,axfer,127746157
313,C7RYOGEWDT7HZM3HKPSMU7QGWTRWR3EPOQTJ2OHXGYLARD3X62DNWELS34,C7RYOGEWDT7HZM3HKPSMU7QGWTRWR3EPOQTJ2OHXGYLARD3X62DNWELS34,1,axfer,127746157
314,C7RYOGEWDT7HZM3HKPSMU7QGWTRWR3EPOQTJ2OHXGYLARD3X62DNWELS34,C7RYOGEWDT7HZM3HKPSMU7QGWTRWR3EPOQTJ2OHXGYLARD3X62DNWELS34,1,axfer,127746157
315,C7RYOGEWDT7HZM3HKPSMU7QGWTRWR3EPOQTJ2OHXGYLARD3X62DNWELS34,C7RYOGEWDT7HZM3HKPSMU7QGWTRWR3EPOQTJ2OHXGYLARD3X62DNWELS34,1,axfer,127746157
316,C7RYOGEWDT7HZM3HKPSMU7QGWTRWR3EPOQTJ2OHXGYLARD3X62DNWELS34,C7RYOGEWDT7HZM3HKPSMU7QGWTRWR3EPOQTJ2OHXGYLARD3X62DNWELS34,1,axfer,127746157
317,C7RYOGEWDT7HZM3HKPSMU7QGWTRWR3EPOQTJ2OHXGYLARD3X62DNWELS34,C7RYOGEWDT7HZM3HKPSMU7QGWTRWR3EPOQTJ2OHXGYLARD3X62DNWELS34,1,axfer,127746157
318,C7RYOGEWDT7HZM3HKPSMU7QGWTRWR3EPOQTJ2OHXGYLARD3X62DNWELS34,C7RYOGEWDT7HZM3HKPSMU7QGWTRWR3EPOQTJ2OHXGYLARD3X62DNWELS34,1,axfer,127746157
319,C7RYOGEWDT7HZM3HKPSMU7QGWTRWR3EPOQTJ2OHXGYLARD3X62DNWELS34,C7RYOGEWDT7HZM3HKPSMU7QGWTRWR3EPOQTJ2OHXGYLARD3X62DNWELS34,1,axfer,127746157
320,C7RYOGEWDT7HZM3HKPSMU7QGWTRWR3EPOQTJ2OHXGYLARD3X62DNWELS34,C7RYOGEWDT7HZM3HKPSMU7QGWTRWR3EPOQTJ2OHXGYLARD3X62DNWELS34,1,axfer,127746157
321,C7RYOGEWDT7HZM3HKPSMU7QGWTRWR3EPOQTJ2OHXGYLARD3X62DNWELS34,C7RYOGEWDT7HZM3HKPSMU7QGWTRWR3EPOQTJ2OHXGYLARD3X62DNWELS34,1,axfer,127746157
322,C7RYOGEWDT7HZM3HKPSMU7QGWTRWR3EPOQTJ2OHXGYLARD3X62DNWELS34,C7RYOGEWDT7HZM3HKPSMU7QGWTRWR3EPOQTJ2OHXGYLARD3X62DNWELS34,1,axfer,127746157
323,C7RYOGEWDT7HZM3HKPSMU7QGWTRWR3EPOQTJ2OHXGYLARD3X62DNWELS34,C7RYOGEWDT7HZM3HKPSMU7QGWTRWR3EPOQTJ2OHXGYLARD3X62DNWELS34,1,axfer,127746157
324,C7RYOGEWDT7HZM3HKPSMU7QGWTRWR3EPOQTJ2OHXGYLARD3X62DNWELS34,C7RYOGEWDT7HZM3HKPSMU7QGWTRWR3EPOQTJ2OHXGYLARD3X62DNWELS34,1,axfer,127746157
325,C7RYOGEWDT7HZM3HKPSMU7QGWTRWR3EPOQTJ2OHXGYLARD3X62DNWELS34,C7RYOGEWDT7HZM3HKPSMU7QGWTRWR3EPOQTJ2OHXGYLARD3X62DNWELS34,1,axfer,127746157
326,C7RYOGEWDT7HZM3HKPSMU7QGWTRWR3EPOQTJ2OHXGYLARD3X62DNWELS34,C7RYOGEWDT7HZM3HKPSMU7QGWTRWR3EPOQTJ2OHXGYLARD3X62DNWELS34,1,axfer,127746157
327,C7RYOGEWDT7HZM3HKPSMU7QGWTRWR3EPOQTJ2OHXGYLARD3X62DNWELS34,C7RYOGEWDT7HZM3HKPSMU7QGWTRWR3EPOQTJ2OHXGYLARD3X62DNWELS34,1,axfer,127746157
328,C7RYOGEWDT7HZM3HKPSMU7QGWTRWR3EPOQTJ2OHXGYLARD3X62DNWELS34,C7RYOGEWDT7HZM3HKPSMU7QGWTRWR3EPOQTJ2OHXGYLARD3X62DNWELS34,1,axfer,127746157
329,C7RYOGEWDT7HZM3HKPSMU7QGWTRWR3EPOQTJ2OHXGYLARD3X62DNWELS34,C7RYOGEWDT7HZM3HKPSMU7QGWTRWR3EPOQTJ2OHXGYLARD3X62DNWELS34,1,axfer,127746157
330,C7RYOGEWDT7HZM3HKPSMU7QGWTRWR3EPOQTJ2OHXGYLARD3X62DNWELS34,C7RYOGEWDT7HZM3HKPSMU7QGWTRWR3EPOQTJ2OHXGYLARD3X62DNWELS34,1,axfer,127746157
331,C7RYOGEWDT7HZM3HKPSMU7QGWTRWR3EPOQTJ2OHXGYLARD3X62DNWELS34,C7RYOGEWDT7HZM3HKPSMU7QGWTRWR3EPOQTJ2OHXGYLARD3X62DNWELS34,1,axfer,127746157
332,C7RYOGEWDT7HZM3HKPSMU7QGWTRWR3EPOQTJ2OHXGYLARD3X62DNWELS34,C7RYOGEWDT7HZM3HKPSMU7QGWTRWR3EPOQTJ2OHXGYLARD3X62DNWELS34,1,axfer,127746157
333,C7RYOGEWDT7HZM3HKPSMU7QGWTRWR3EPOQTJ2OHXGYLARD3X62DNWELS34,C7RYOGEWDT7HZM3HKPSMU7QGWTRWR3EPOQTJ2OHXGYLARD3X62DNWELS34,1,axfer,127746157
334,C7RYOGEWDT7HZM3HKPSMU7QGWTRWR3EPOQTJ2OHXGYLARD3X62DNWELS34,C7RYOGEWDT7HZM3HKPSMU7QGWTRWR3EPOQTJ2OHXGYLARD3X62DNWELS34,1,axfer,127746157
335,C7RYOGEWDT7HZM3HKPSMU7QGWTRWR3EPOQTJ2OHXGYLARD3X62DNWELS34,C7RYOGEWDT7HZM3HKPSMU7QGWTRWR3EPOQTJ2OHXGYLARD3X62DNWELS34,1,axfer,127746157
336,C7RYOGEWDT7HZM3HKPSMU7QGWTRWR3EPOQTJ2OHXGYLARD3X62DNWELS34,C7RYOGEWDT7HZM3HKPSMU7QGWTRWR3EPOQTJ2OHXGYLARD3X62DNWELS34,1,axfer,127746157
337,C7RYOGEWDT7HZM3HKPSMU7QGWTRWR3EPOQTJ2OHXGYLARD3X62DNWELS34,C7RYOGEWDT7HZM3HKPSMU7QGWTRWR3EPOQTJ2OHXGYLARD3X62DNWELS34,1,axfer,127746157
338,C7RYOGEWDT7HZM3HKPSMU7QGWTRWR3EPOQTJ2OHXGYLARD3X62DNWELS34,C7RYOGEWDT7HZM3HKPSMU7QGWTRWR3EPOQTJ2OHXGYLARD3X62DNWELS34,1,axfer,127746157
339,C7RYOGEWDT7HZM3HKPSMU7QGWTRWR3EPOQTJ2OHXGYLARD3X62DNWELS34,C7RYOGEWDT7HZM3HKPSMU7QGWTRWR3EPOQTJ2OHXGYLARD3X62DNWELS34,1,axfer,127746157
340,C7RYOGEWDT7HZM3HKPSMU7QGWTRWR3EPOQTJ2OHXGYLARD3X62DNWELS34,C7RYOGEWDT7HZM3HKPSMU7QGWTRWR3EPOQTJ2OHXGYLARD3X62DNWELS34,1,axfer,127746157
341,C7RYOGEWDT7HZM3HKPSMU7QGWTRWR3EPOQTJ2OHXGYLARD3X62DNWELS34,C7RYOGEWDT7HZM3HKPSMU7QGWTRWR3EPOQTJ2OHXGYLARD3X62DNWELS34,1,axfer,127746157
342,C7RYOGEWDT7HZM3HKPSMU7QGWTRWR3EPOQTJ2OHXGYLARD3X62DNWELS34,C7RYOGEWDT7HZM3HKPSMU7QGWTRWR3EPOQTJ2OHXGYLARD3X62DNWELS34,1,axfer,127746157
343,C7RYOGEWDT7HZM3HKPSMU7QGWTRWR3EPOQTJ2OHXGYLARD3X62DNWELS34,C7RYOGEWDT7HZM3HKPSMU7QGWTRWR3EPOQTJ2OHXGYLARD3X62DNWELS34,1,axfer,127746157
344,C7RYOGEWDT7HZM3HKPSMU7QGWTRWR3EPOQTJ2OHXGYLARD3X62DNWELS34,C7RYOGEWDT7HZM3HKPSMU7QGWTRWR3EPOQTJ2OHXGYLARD3X62DNWELS34,1,axfer,127746157
345,C7RYOGEWDT7HZM3HKPSMU7QGWTRWR3EPOQTJ2OHXGYLARD3X62DNWELS34,C7RYOGEWDT7HZM3HKPSMU7QGWTRWR3EPOQTJ2OHXGYLARD3X62DNWELS34,1,axfer,127746157
346,C7RYOGEWDT7HZM3HKPSMU7QGWTRWR3EPOQTJ2OHXGYLARD3X62DNWELS34,C7RYOGEWDT7HZM3HKPSMU7QGWTRWR3EPOQTJ2OHXGYLARD3X62DNWELS34,1,axfer,127746157
347,C7RYOGEWDT7HZM3HKPSMU7QGWTRWR3EPOQTJ2OHXGYLARD3X62DNWELS34,C7RYOGEWDT7HZM3HKPSMU7QGWTRWR3EPOQTJ2OHXGYLARD3X62DNWELS34,1,axfer,127746157
348,C7RYOGEWDT7HZM3HKPSMU7QGWTRWR3EPOQTJ2OHXGYLARD3X62DNWELS34,C7RYOGEWDT7HZM3HKPSMU7QGWTRWR3EPOQTJ2OHXGYLARD3X62DNWELS34,1,axfer,127746157
349,C7RYOGEWDT7HZM3HKPSMU7QGWTRWR3EPOQTJ2OHXGYLARD3X62DNWELS34,C7RYOGEWDT7HZM3HKPSMU7QGWTRWR3EPOQTJ2OHXGYLARD3X62DNWELS34,1,axfer,127746157
350,C7RYOGEWDT7HZM3HKPSMU7QGWTRWR3EPOQTJ2OHXGYLARD3X62DNWELS34,C7RYOGEWDT7HZM3HKPSMU7QGWTRWR3EPOQTJ2OHXGYLARD3X62DNWELS34,1,axfer,127746157
351,C7RYOGEWDT7HZM3HKPSMU7QGWTRWR3EPOQTJ2OHXGYLARD3X62DNWELS34,C7RYOGEWDT7HZM3HKPSMU7QGWTRWR3EPOQTJ2OHXGYLARD3X62DNWELS34,1,axfer,127746157
352,C7RYOGEWDT7HZM3HKPSMU7QGWTRWR3EPOQTJ2OHXGYLARD3X62DNWELS34,C7RYOGEWDT7HZM3HKPSMU7QGWTRWR3EPOQTJ2OHXGYLARD3X62DNWELS34,1,axfer,127746157
353,C7RYOGEWDT7HZM3HKPSMU7QGWTRWR3EPOQTJ2OHXGYLARD3X62DNWELS34,C7RYOGEWDT7HZM3HKPSMU7QGWTRWR3EPOQTJ2OHXGYLARD3X62DNWELS34,1,axfer,127746157
354,C7RYOGEWDT7HZM3HKPSMU7QGWTRWR3EPOQTJ2OHXGYLARD3X62DNWELS34,C7RYOGEWDT7HZM3HKPSMU7QGWTRWR3EPOQTJ2OHXGYLARD3X62DNWELS34,1,axfer,127746157
355,C7RYOGEWDT7HZM3HKPSMU7QGWTRWR3EPOQTJ2OHXGYLARD3X62DNWELS34,C7RYOGEWDT7HZM3HKPSMU7QGWTRWR3EPOQTJ2OHXGYLARD3X62DNWELS34,1,axfer,127746157
356,C7RYOGEWDT7HZM3HKPSMU7QGWTRWR3EPOQTJ2OHXGYLARD3X62DNWELS34,C7RYOGEWDT7HZM3HKPSMU7QGWTRWR3EPOQTJ2OHXGYLARD3X62DNWELS34,1,axfer,127746157
357,C7RYOGEWDT7HZM3HKPSMU7QGWTRWR3EPOQTJ2OHXGYLARD3X62DNWELS34,C7RYOGEWDT7HZM3HKPSMU7QGWTRWR3EPOQTJ2OHXGYLARD3X62DNWELS34,1,axfer,127746157
358,C7RYOGEWDT7HZM3HKPSMU7QGWTRWR3EPOQTJ2OHXGYLARD3X62DNWELS34,C7RYOGEWDT7HZM3HKPSMU7QGWTRWR3EPOQTJ2OHXGYLARD3X62DNWELS34,1,axfer,127746157
359,C7RYOGEWDT7HZM3HKPSMU7QGWTRWR3EPOQTJ2OHXGYLARD3X62DNWELS34,C7RYOGEWDT7HZM3HKPSMU7QGWTRWR3EPOQTJ2OHXGYLARD3X62DNWELS34,1,axfer,127746157
360,C7RYOGEWDT7HZM3HKPSMU7QGWTRWR3EPOQTJ2OHXGYLARD3X62DNWELS34,C7RYOGEWDT7HZM3HKPSMU7QGWTRWR3EPOQTJ2OHXGYLARD3X62DNWELS34,1,axfer,127746157
361,C7RYOGEWDT7HZM3HKPSMU7QGWTRWR3EPOQTJ2OHXGYLARD3X62DNWELS34,C7RYOGEWDT7HZM3HKPSMU7QGWTRWR3EPOQTJ2OHXGYLARD3X62DNWELS34,1,axfer,127746157
362,C7RYOGEWDT7HZM3HKPSMU7QGWTRWR3EPOQTJ2OHXGYLARD3X62DNWELS34,C7RYOGEWDT7HZM3HKPSMU7QGWTRWR3EPOQTJ2OHXGYLARD3X62DNWELS34,1,axfer,127746157
363,C7RYOGEWDT7HZM3HKPSMU7QGWTRWR3EPOQTJ2OHXGYLARD3X62DNWELS34,C7RYOGEWDT7HZM3HKPSMU7QGWTRWR3EPOQTJ2OHXGYLARD3X62DNWELS34,1,axfer,127746157
364,C7RYOGEWDT7HZM3HKPSMU7QGWTRWR3EPOQTJ2OHXGYLARD3X62DNWELS34,C7RYOGEWDT7HZM3HKPSMU7QGWTRWR3EPOQTJ2OHXGYLARD3X62DNWELS34,1,axfer,127746157
365,C7RYOGEWDT7HZM3HKPSMU7QGWTRWR3EPOQTJ2OHXGYLARD3X62DNWELS34,C7RYOGEWDT7HZM3HKPSMU7QGWTRWR3EPOQTJ2OHXGYLARD3X62DNWELS34,1,axfer,127746157
366,C7RYOGEWDT7HZM3HKPSMU7QGWTRWR3EPOQTJ2OHXGYLARD3X62DNWELS34,C7RYOGEWDT7HZM3HKPSMU7QGWTRWR3EPOQTJ2OHXGYLARD3X62DNWELS34,1,axfer,127746157
367,C7RYOGEWDT7HZM3HKPSMU7QGWTRWR3EPOQTJ2OHXGYLARD3X62DNWELS34,C7RYOGEWDT7HZM3HKPSMU7QGWTRWR3EPOQTJ2OHXGYLARD3X62DNWELS34,1,axfer,127746157
368,C7RYOGEWDT7HZM3HKPSMU7QGWTRWR3EPOQTJ2OHXGYLARD3X62DNWELS34,C7RYOGEWDT7HZM3HKPSMU7QGWTRWR3EPOQTJ2OHXGYLARD3X62DNWELS34,1,axfer,127746157
369,C7RYOGEWDT7HZM3HKPSMU7QGWTRWR3EPOQTJ2OHXGYLARD3X62DNWELS34,C7RYOGEWDT7HZM3HKPSMU7QGWTRWR3EPOQTJ2OHXGYLARD3X62DNWELS34,1,axfer,127746157
370,C7RYOGEWDT7HZM3HKPSMU7QGWTRWR3EPOQTJ2OHXGYLARD3X62DNWELS34,C7RYOGEWDT7HZM3HKPSMU7QGWTRWR3EPOQTJ2OHXGYLARD3X62DNWELS34,1,axfer,127746157
371,C7RYOGEWDT7HZM3HKPSMU7QGWTRWR3EPOQTJ2OHXGYLARD3X62DNWELS34,C7RYOGEWDT7HZM3HKPSMU7QGWTRWR3EPOQTJ2OHXGYLARD3X62DNWELS34,1,axfer,127746157
372,C7RYOGEWDT7HZM3HKPSMU7QGWTRWR3EPOQTJ2OHXGYLARD3X62DNWELS34,C7RYOGEWDT7HZM3HKPSMU7QGWTRWR3EPOQTJ2OHXGYLARD3X62DNWELS34,1,axfer,127746157
373,C7RYOGEWDT7HZM3HKPSMU7QGWTRWR3EPOQTJ2OHXGYLARD3X62DNWELS34,C7RYOGEWDT7HZM3HKPSMU7QGWTRWR3EPOQTJ2OHXGYLARD3X62DNWELS34,1,axfer,127746157
374,C7RYOGEWDT7HZM3HKPSMU7QGWTRWR3EPOQTJ2OHXGYLARD3X62DNWELS34,C7RYOGEWDT7HZM3HKPSMU7QGWTRWR3EPOQTJ2OHXGYLARD3X62DNWELS34,1,axfer,127746157
375,C7RYOGEWDT7HZM3HKPSMU7QGWTRWR3EPOQTJ2OHXGYLARD3X62DNWELS34,C7RYOGEWDT7HZM3HKPSMU7QGWTRWR3EPOQTJ2OHXGYLARD3X62DNWELS34,1,axfer,127746157
376,C7RYOGEWDT7HZM3HKPSMU7QGWTRWR3EPOQTJ2OHXGYLARD3X62DNWELS34,C7RYOGEWDT7HZM3HKPSMU7QGWTRWR3EPOQTJ2OHXGYLARD3X62DNWELS34,1,axfer,127746157
377,C7RYOGEWDT7HZM3HKPSMU7QGWTRWR3EPOQTJ2OHXGYLARD3X62DNWELS34,C7RYOGEWDT7HZM3HKPSMU7QGWTRWR3EPOQTJ2OHXGYLARD3X62DNWELS34,1,axfer,127746157
378,C7RYOGEWDT7HZM3HKPSMU7QGWTRWR3EPOQTJ2OHXGYLARD3X62DNWELS34,C7RYOGEWDT7HZM3HKPSMU7QGWTRWR3EPOQTJ2OHXGYLARD3X62DNWELS34,1,axfer,127746157
379,C7RYOGEWDT7HZM3HKPSMU7QGWTRWR3EPOQTJ2OHXGYLARD3X62DNWELS34,C7RYOGEWDT7HZM3HKPSMU7QGWTRWR3EPOQTJ2OHXGYLARD3X62DNWELS34,1,axfer,127746157
380,C7RYOGEWDT7HZM3HKPSMU7QGWTRWR3EPOQTJ2OHXGYLARD3X62DNWELS34,C7RYOGEWDT7HZM3HKPSMU7QGWTRWR3EPOQTJ2OHXGYLARD3X62DNWELS34,1,axfer,127746157
381,C7RYOGEWDT7HZM3HKPSMU7QGWTRWR3EPOQTJ2OHXGYLARD3X62DNWELS34,C7RYOGEWDT7HZM3HKPSMU7QGWTRWR3EPOQTJ2OHXGYLARD3X62DNWELS34,1,axfer,127746157
382,C7RYOGEWDT7HZM3HKPSMU7QGWTRWR3EPOQTJ2OHXGYLARD3X62DNWELS34,C7RYOGEWDT7HZM3HKPSMU7QGWTRWR3EPOQTJ2OHXGYLARD3X62DNWELS34,1,axfer,127746157
383,C7RYOGEWDT7HZM3HKPSMU7QGWTRWR3EPOQTJ2OHXGYLARD3X62DNWELS34,C7RYOGEWDT7HZM3HKPSMU7QGWTRWR3EPOQTJ2OHXGYLARD3X62DNWELS34,1,axfer,127746157
384,C7RYOGEWDT7HZM3HKPSMU7QGWTRWR3EPOQTJ2OHXGYLARD3X62DNWELS34,C7RYOGEWDT7HZM3HKPSMU7QGWTRWR3EPOQTJ2OHXGYLARD3X62DNWELS34,1,axfer,127746157
385,C7RYOGEWDT7HZM3HKPSMU7QGWTRWR3EPOQTJ2OHXGYLARD3X62DNWELS34,C7RYOGEWDT7HZM3HKPSMU7QGWTRWR3EPOQTJ2OHXGYLARD3X62DNWELS34,1,axfer,127746157
386,C7RYOGEWDT7HZM3HKPSMU7QGWTRWR3EPOQTJ2OHXGYLARD3X62DNWELS34,C7RYOGEWDT7HZM3HKPSMU7QGWTRWR3EPOQTJ2OHXGYLARD3X62DNWELS34,1,axfer,127746157
387,C7RYOGEWDT7HZM3HKPSMU7QGWTRWR3EPOQTJ2OHXGYLARD3X62DNWELS34,C7RYOGEWDT7HZM3HKPSMU7QGWTRWR3EPOQTJ2OHXGYLARD3X62DNWELS34,1,axfer,127746157
388,C7RYOGEWDT7HZM3HKPSMU7QGWTRWR3EPOQTJ2OHXGYLARD3X62DNWELS34,C7RYOGEWDT7HZM3HKPSMU7QGWTRWR3EPOQTJ2OHXGYLARD3X62DNWELS34,1,axfer,127746157
389,C7RYOGEWDT7HZM3HKPSMU7QGWTRWR3EPOQTJ2OHXGYLARD3X62DNWELS34,C7RYOGEWDT7HZM3HKPSMU7QGWTRWR3EPOQTJ2OHXGYLARD3X62DNWELS34,1,axfer,127746157
390,C7RYOGEWDT7HZM3HKPSMU7QGWTRWR3EPOQTJ2OHXGYLARD3X62DNWELS34,C7RYOGEWDT7HZM3HKPSMU7QGWTRWR3EPOQTJ2OHXGYLARD3X62DNWELS34,1,axfer,127746157
391,C7RYOGEWDT7HZM3HKPSMU7QGWTRWR3EPOQTJ2OHXGYLARD3X62DNWELS34,C7RYOGEWDT7HZM3HKPSMU7QGWTRWR3EPOQTJ2OHXGYLARD3X62DNWELS34,1,axfer,127746157
392,C7RYOGEWDT7HZM3HKPSMU7QGWTRWR3EPOQTJ2OHXGYLARD3X62DNWELS34,C7RYOGEWDT7HZM3HKPSMU7QGWTRWR3EPOQTJ2OHXGYLARD3X62DNWELS34,1,axfer,127746157
393,C7RYOGEWDT7HZM3HKPSMU7QGWTRWR3EPOQTJ2OHXGYLARD3X62DNWELS34,C7RYOGEWDT7HZM3HKPSMU7QGWTRWR3EPOQTJ2OHXGYLARD3X62DNWELS34,1,axfer,127746157
394,C7RYOGEWDT7HZM3HKPSMU7QGWTRWR3EPOQTJ2OHXGYLARD3X62DNWELS34,C7RYOGEWDT7HZM3HKPSMU7QGWTRWR3EPOQTJ2OHXGYLARD3X62DNWELS34,1,axfer,127746157
395,C7RYOGEWDT7HZM3HKPSMU7QGWTRWR3EPOQTJ2OHXGYLARD3X62DNWELS34,C7RYOGEWDT7HZM3HKPSMU7QGWTRWR3EPOQTJ2OHXGYLARD3X62DNWELS34,1,axfer,127746157
396,C7RYOGEWDT7HZM3HKPSMU7QGWTRWR3EPOQTJ2OHXGYLARD3X62DNWELS34,C7RYOGEWDT7HZM3HKPSMU7QGWTRWR3EPOQTJ2OHXGYLARD3X62DNWELS34,1,axfer,127746157
397,C7RYOGEWDT7HZM3HKPSMU7QGWTRWR3EPOQTJ2OHXGYLARD3X62DNWELS34,C7RYOGEWDT7HZM3HKPSMU7QGWTRWR3EPOQTJ2OHXGYLARD3X62DNWELS34,1,axfer,127746157
398,C7RYOGEWDT7HZM3HKPSMU7QGWTRWR3EPOQTJ2OHXGYLARD3X62DNWELS34,C7RYOGEWDT7HZM3HKPSMU7QGWTRWR3EPOQTJ2OHXGYLARD3X62DNWELS34,1,axfer,127746157
399,C7RYOGEWDT7HZM3HKPSMU7QGWTRWR3EPOQTJ2OHXGYLARD3X62DNWELS34,C7RYOGEWDT7HZM3HKPSMU7QGWTRWR3EPOQTJ2OHXGYLARD3X62DNWELS34,1,axfer,127746157
400,C7RYOGEWDT7HZM3HKPSMU7QGWTRWR3EPOQTJ2OHXGYLARD3X62DNWELS34,C7RYOGEWDT7HZM3HKPSMU7QGWTRWR3EPOQTJ2OHXGYLARD3X62DNWELS34,1,axfer,127746157
401,C7RYOGEWDT7HZM3HKPSMU7QGWTRWR3EPOQTJ2OHXGYLARD3X62DNWELS34,C7RYOGEWDT7HZM3HKPSMU7QGWTRWR3EPOQTJ2OHXGYLARD3X62DNWELS34,1,axfer,127746157
402,C7RYOGEWDT7HZM3HKPSMU7QGWTRWR3EPOQTJ2OHXGYLARD3X62DNWELS34,C7RYOGEWDT7HZM3HKPSMU7QGWTRWR3EPOQTJ2OHXGYLARD3X62DNWELS34,1,axfer,127746157
403,C7RYOGEWDT7HZM3HKPSMU7QGWTRWR3EPOQTJ2OHXGYLARD3X62DNWELS34,C7RYOGEWDT7HZM3HKPSMU7QGWTRWR3EPOQTJ2OHXGYLARD3X62DNWELS34,1,axfer,127746157
404,C7RYOGEWDT7HZM3HKPSMU7QGWTRWR3EPOQTJ2OHXGYLARD3X62DNWELS34,C7RYOGEWDT7HZM3HKPSMU7QGWTRWR3EPOQTJ2OHXGYLARD3X62DNWELS34,1,axfer,127746157
405,C7RYOGEWDT7HZM3HKPSMU7QGWTRWR3EPOQTJ2OHXGYLARD3X62DNWELS34,C7RYOGEWDT7HZM3HKPSMU7QGWTRWR3EPOQTJ2OHXGYLARD3X62DNWELS34,1,axfer,127746157
406,C7RYOGEWDT7HZM3HKPSMU7QGWTRWR3EPOQTJ2OHXGYLARD3X62DNWELS34,C7RYOGEWDT7HZM3HKPSMU7QGWTRWR3EPOQTJ2OHXGYLARD3X62DNWELS34,1,axfer,127746157
407,C7RYOGEWDT7HZM3HKPSMU7QGWTRWR3EPOQTJ2OHXGYLARD3X62DNWELS34,C7RYOGEWDT7HZM3HKPSMU7QGWTRWR3EPOQTJ2OHXGYLARD3X62DNWELS34,1,axfer,127746157
408,C7RYOGEWDT7HZM3HKPSMU7QGWTRWR3EPOQTJ2OHXGYLARD3X62DNWELS34,C7RYOGEWDT7HZM3HKPSMU7QGWTRWR3EPOQTJ2OHXGYLARD3X62DNWELS34,1,axfer,127746157
409,C7RYOGEWDT7HZM3HKPSMU7QGWTRWR3EPOQTJ2OHXGYLARD3X62DNWELS34,C7RYOGEWDT7HZM3HKPSMU7QGWTRWR3EPOQTJ2OHXGYLARD3X62DNWELS34,1,axfer,127746157
410,C7RYOGEWDT7HZM3HKPSMU7QGWTRWR3EPOQTJ2OHXGYLARD3X62DNWELS34,C7RYOGEWDT7HZM3HKPSMU7QGWTRWR3EPOQTJ2OHXGYLARD3X62DNWELS34,1,axfer,127746157
411,C7RYOGEWDT7HZM3HKPSMU7QGWTRWR3EPOQTJ2OHXGYLARD3X62DNWELS34,C7RYOGEWDT7HZM3HKPSMU7QGWTRWR3EPOQTJ2OHXGYLARD3X62DNWELS34,1,axfer,127746157
412,C7RYOGEWDT7HZM3HKPSMU7QGWTRWR3EPOQTJ2OHXGYLARD3X62DNWELS34,C7RYOGEWDT7HZM3HKPSMU7QGWTRWR3EPOQTJ2OHXGYLARD3X62DNWELS34,1,axfer,127746157
413,C7RYOGEWDT7HZM3HKPSMU7QGWTRWR3EPOQTJ2OHXGYLARD3X62DNWELS34,C7RYOGEWDT7HZM3HKPSMU7QGWTRWR3EPOQTJ2OHXGYLARD3X62DNWELS34,1,axfer,127746157
414,C7RYOGEWDT7HZM3HKPSMU7QGWTRWR3EPOQTJ2OHXGYLARD3X62DNWELS34,C7RYOGEWDT7HZM3HKPSMU7QGWTRWR3EPOQTJ2OHXGYLARD3X62DNWELS34,1,axfer,127746157
415,C7RYOGEWDT7HZM3HKPSMU7QGWTRWR3EPOQTJ2OHXGYLARD3X62DNWELS34,C7RYOGEWDT7HZM3HKPSMU7QGWTRWR3EPOQTJ2OHXGYLARD3X62DNWELS34,1,axfer,127746157
416,C7RYOGEWDT7HZM3HKPSMU7QGWTRWR3EPOQTJ2OHXGYLARD3X62DNWELS34,C7RYOGEWDT7HZM3HKPSMU7QGWTRWR3EPOQTJ2OHXGYLARD3X62DNWELS34,1,axfer,127746157
417,C7RYOGEWDT7HZM3HKPSMU7QGWTRWR3EPOQTJ2OHXGYLARD3X62DNWELS34,C7RYOGEWDT7HZM3HKPSMU7QGWTRWR3EPOQTJ2OHXGYLARD3X62DNWELS34,1,axfer,127746157
418,C7RYOGEWDT7HZM3HKPSMU7QGWTRWR3EPOQTJ2OHXGYLARD3X62DNWELS34,C7RYOGEWDT7HZM3HKPSMU7QGWTRWR3EPOQTJ2OHXGYLARD3X62DNWELS34,1,axfer,127746157
419,C7RYOGEWDT7HZM3HKPSMU7QGWTRWR3EPOQTJ2OHXGYLARD3X62DNWELS34,C7RYOGEWDT7HZM3HKPSMU7QGWTRWR3EPOQTJ2OHXGYLARD3X62DNWELS34,1,axfer,127746157
420,C7RYOGEWDT7HZM3HKPSMU7QGWTRWR3EPOQTJ2OHXGYLARD3X62DNWELS34,C7RYOGEWDT7HZM3HKPSMU7QGWTRWR3EPOQTJ2OHXGYLARD3X62DNWELS34,1,axfer,127746157
421,C7RYOGEWDT7HZM3HKPSMU7QGWTRWR3EPOQTJ2OHXGYLARD3X62DNWELS34,C7RYOGEWDT7HZM3HKPSMU7QGWTRWR3EPOQTJ2OHXGYLARD3X62DNWELS34,1,axfer,127746157
422,C7RYOGEWDT7HZM3HKPSMU7QGWTRWR3EPOQTJ2OHXGYLARD3X62DNWELS34,C7RYOGEWDT7HZM3HKPSMU7QGWTRWR3EPOQTJ2OHXGYLARD3X62DNWELS34,1,axfer,127746157
423,C7RYOGEWDT7HZM3HKPSMU7QGWTRWR3EPOQTJ2OHXGYLARD3X62DNWELS34,C7RYOGEWDT7HZM3HKPSMU7QGWTRWR3EPOQTJ2OHXGYLARD3X62DNWELS34,1,axfer,127746157
424,C7RYOGEWDT7HZM3HKPSMU7QGWTRWR3EPOQTJ2OHXGYLARD3X62DNWELS34,C7RYOGEWDT7HZM3HKPSMU7QGWTRWR3EPOQTJ2OHXGYLARD3X62DNWELS34,1,axfer,127746157
425,C7RYOGEWDT7HZM3HKPSMU7QGWTRWR3EPOQTJ2OHXGYLARD3X62DNWELS34,C7RYOGEWDT7HZM3HKPSMU7QGWTRWR3EPOQTJ2OHXGYLARD3X62DNWELS34,1,axfer,127746157
426,C7RYOGEWDT7HZM3HKPSMU7QGWTRWR3EPOQTJ2OHXGYLARD3X62DNWELS34,C7RYOGEWDT7HZM3HKPSMU7QGWTRWR3EPOQTJ2OHXGYLARD3X62DNWELS34,1,axfer,127746157
427,C7RYOGEWDT7HZM3HKPSMU7QGWTRWR3EPOQTJ2OHXGYLARD3X62DNWELS34,C7RYOGEWDT7HZM3HKPSMU7QGWTRWR3EPOQTJ2OHXGYLARD3X62DNWELS34,1,axfer,127746157
428,C7RYOGEWDT7HZM3HKPSMU7QGWTRWR3EPOQTJ2OHXGYLARD3X62DNWELS34,C7RYOGEWDT7HZM3HKPSMU7QGWTRWR3EPOQTJ2OHXGYLARD3X62DNWELS34,1,axfer,127746157
429,C7RYOGEWDT7HZM3HKPSMU7QGWTRWR3EPOQTJ2OHXGYLARD3X62DNWELS34,C7RYOGEWDT7HZM3HKPSMU7QGWTRWR3EPOQTJ2OHXGYLARD3X62DNWELS34,1,axfer,127746157
430,C7RYOGEWDT7HZM3HKPSMU7QGWTRWR3EPOQTJ2OHXGYLARD3X62DNWELS34,C7RYOGEWDT7HZM3HKPSMU7QGWTRWR3EPOQTJ2OHXGYLARD3X62DNWELS34,1,axfer,127746157
431,C7RYOGEWDT7HZM3HKPSMU7QGWTRWR3EPOQTJ2OHXGYLARD3X62DNWELS34,C7RYOGEWDT7HZM3HKPSMU7QGWTRWR3EPOQTJ2OHXGYLARD3X62DNWELS34,1,axfer,127746157
432,C7RYOGEWDT7HZM3HKPSMU7QGWTRWR3EPOQTJ2OHXGYLARD3X62DNWELS34,C7RYOGEWDT7HZM3HKPSMU7QGWTRWR3EPOQTJ2OHXGYLARD3X62DNWELS34,1,axfer,127746157
433,C7RYOGEWDT7HZM3HKPSMU7QGWTRWR3EPOQTJ2OHXGYLARD3X62DNWELS34,C7RYOGEWDT7HZM3HKPSMU7QGWTRWR3EPOQTJ2OHXGYLARD3X62DNWELS34,1,axfer,127746157
434,C7RYOGEWDT7HZM3HKPSMU7QGWTRWR3EPOQTJ2OHXGYLARD3X62DNWELS34,C7RYOGEWDT7HZM3HKPSMU7QGWTRWR3EPOQTJ2OHXGYLARD3X62DNWELS34,1,axfer,127746157
435,C7RYOGEWDT7HZM3HKPSMU7QGWTRWR3EPOQTJ2OHXGYLARD3X62DNWELS34,C7RYOGEWDT7HZM3HKPSMU7QGWTRWR3EPOQTJ2OHXGYLARD3X62DNWELS34,1,axfer,127746157
436,C7RYOGEWDT7HZM3HKPSMU7QGWTRWR3EPOQTJ2OHXGYLARD3X62DNWELS34,C7RYOGEWDT7HZM3HKPSMU7QGWTRWR3EPOQTJ2OHXGYLARD3X62DNWELS34,1,axfer,127746157
437,C7RYOGEWDT7HZM3HKPSMU7QGWTRWR3EPOQTJ2OHXGYLARD3X62DNWELS34,C7RYOGEWDT7HZM3HKPSMU7QGWTRWR3EPOQTJ2OHXGYLARD3X62DNWELS34,1,axfer,127746157
438,C7RYOGEWDT7HZM3HKPSMU7QGWTRWR3EPOQTJ2OHXGYLARD3X62DNWELS34,C7RYOGEWDT7HZM3HKPSMU7QGWTRWR3EPOQTJ2OHXGYLARD3X62DNWELS34,1,axfer,127746157
439,C7RYOGEWDT7HZM3HKPSMU7QGWTRWR3EPOQTJ2OHXGYLARD3X62DNWELS34,C7RYOGEWDT7HZM3HKPSMU7QGWTRWR3EPOQTJ2OHXGYLARD3X62DNWELS34,1,axfer,127746157
440,C7RYOGEWDT7HZM3HKPSMU7QGWTRWR3EPOQTJ2OHXGYLARD3X62DNWELS34,C7RYOGEWDT7HZM3HKPSMU7QGWTRWR3EPOQTJ2OHXGYLARD3X62DNWELS34,1,axfer,127746157
441,C7RYOGEWDT7HZM3HKPSMU7QGWTRWR3EPOQTJ2OHXGYLARD3X62DNWELS34,C7RYOGEWDT7HZM3HKPSMU7QGWTRWR3EPOQTJ2OHXGYLARD3X62DNWELS34,1,axfer,127746157
442,C7RYOGEWDT7HZM3HKPSMU7QGWTRWR3EPOQTJ2OHXGYLARD3X62DNWELS34,C7RYOGEWDT7HZM3HKPSMU7QGWTRWR3EPOQTJ2OHXGYLARD3X62DNWELS34,1,axfer,127746157
443,C7RYOGEWDT7HZM3HKPSMU7QGWTRWR3EPOQTJ2OHXGYLARD3X62DNWELS34,C7RYOGEWDT7HZM3HKPSMU7QGWTRWR3EPOQTJ2OHXGYLARD3X62DNWELS34,1,axfer,127746157
444,C7RYOGEWDT7HZM3HKPSMU7QGWTRWR3EPOQTJ2OHXGYLARD3X62DNWELS34,C7RYOGEWDT7HZM3HKPSMU7QGWTRWR3EPOQTJ2OHXGYLARD3X62DNWELS34,1,axfer,127746157
445,C7RYOGEWDT7HZM3HKPSMU7QGWTRWR3EPOQTJ2OHXGYLARD3X62DNWELS34,C7RYOGEWDT7HZM3HKPSMU7QGWTRWR3EPOQTJ2OHXGYLARD3X62DNWELS34,1,axfer,127746157
446,C7RYOGEWDT7HZM3HKPSMU7QGWTRWR3EPOQTJ2OHXGYLARD3X62DNWELS34,C7RYOGEWDT7HZM3HKPSMU7QGWTRWR3EPOQTJ2OHXGYLARD3X62DNWELS34,1,axfer,127746157
447,C7RYOGEWDT7HZM3HKPSMU7QGWTRWR3EPOQTJ2OHXGYLARD3X62DNWELS34,C7RYOGEWDT7HZM3HKPSMU7QGWTRWR3EPOQTJ2OHXGYLARD3X62DNWELS34,1,axfer,127746157
448,C7RYOGEWDT7HZM3HKPSMU7QGWTRWR3EPOQTJ2OHXGYLARD3X62DNWELS34,C7RYOGEWDT7HZM3HKPSMU7QGWTRWR3EPOQTJ2OHXGYLARD3X62DNWELS34,1,axfer,127746157
449,C7RYOGEWDT7HZM3HKPSMU7QGWTRWR3EPOQTJ2OHXGYLARD3X62DNWELS34,C7RYOGEWDT7HZM3HKPSMU7QGWTRWR3EPOQTJ2OHXGYLARD3X62DNWELS34,1,axfer,127746157
450,C7RYOGEWDT7HZM3HKPSMU7QGWTRWR3EPOQTJ2OHXGYLARD3X62DNWELS34,C7RYOGEWDT7HZM3HKPSMU7QGWTRWR3EPOQTJ2OHXGYLARD3X62DNWELS34,1,axfer,127746157
451,C7RYOGEWDT7HZM3HKPSMU7QGWTRWR3EPOQTJ2OHXGYLARD3X62DNWELS34,C7RYOGEWDT7HZM3HKPSMU7QGWTRWR3EPOQTJ2OHXGYLARD3X62DNWELS34,1,axfer,127746157
452,C7RYOGEWDT7HZM3HKPSMU7QGWTRWR3EPOQTJ2OHXGYLARD3X62DNWELS34,C7RYOGEWDT7HZM3HKPSMU7QGWTRWR3EPOQTJ2OHXGYLARD3X62DNWELS34,1,axfer,127746157
453,C7RYOGEWDT7HZM3HKPSMU7QGWTRWR3EPOQTJ2OHXGYLARD3X62DNWELS34,C7RYOGEWDT7HZM3HKPSMU7QGWTRWR3EPOQTJ2OHXGYLARD3X62DNWELS34,1,axfer,127746157
454,C7RYOGEWDT7HZM3HKPSMU7QGWTRWR3EPOQTJ2OHXGYLARD3X62DNWELS34,C7RYOGEWDT7HZM3HKPSMU7QGWTRWR3EPOQTJ2OHXGYLARD3X62DNWELS34,1,axfer,127746157
455,C7RYOGEWDT7HZM3HKPSMU7QGWTRWR3EPOQTJ2OHXGYLARD3X62DNWELS34,C7RYOGEWDT7HZM3HKPSMU7QGWTRWR3EPOQTJ2OHXGYLARD3X62DNWELS34,1,axfer,127746157
456,C7RYOGEWDT7HZM3HKPSMU7QGWTRWR3EPOQTJ2OHXGYLARD3X62DNWELS34,C7RYOGEWDT7HZM3HKPSMU7QGWTRWR3EPOQTJ2OHXGYLARD3X62DNWELS34,1,axfer,127746157
457,C7RYOGEWDT7HZM3HKPSMU7QGWTRWR3EPOQTJ2OHXGYLARD3X62DNWELS34,C7RYOGEWDT7HZM3HKPSMU7QGWTRWR3EPOQTJ2OHXGYLARD3X62DNWELS34,1,axfer,127746157
458,C7RYOGEWDT7HZM3HKPSMU7QGWTRWR3EPOQTJ2OHXGYLARD3X62DNWELS34,C7RYOGEWDT7HZM3HKPSMU7QGWTRWR3EPOQTJ2OHXGYLARD3X62DNWELS34,1,axfer,127746157
459,C7RYOGEWDT7HZM3HKPSMU7QGWTRWR3EPOQTJ2OHXGYLARD3X62DNWELS34,C7RYOGEWDT7HZM3HKPSMU7QGWTRWR3EPOQTJ2OHXGYLARD3X62DNWELS34,1,axfer,127746157
460,C7RYOGEWDT7HZM3HKPSMU7QGWTRWR3EPOQTJ2OHXGYLARD3X62DNWELS34,C7RYOGEWDT7HZM3HKPSMU7QGWTRWR3EPOQTJ2OHXGYLARD3X62DNWELS34,1,axfer,127746157
461,C7RYOGEWDT7HZM3HKPSMU7QGWTRWR3EPOQTJ2OHXGYLARD3X62DNWELS34,C7RYOGEWDT7HZM3HKPSMU7QGWTRWR3EPOQTJ2OHXGYLARD3X62DNWELS34,1,axfer,127746157
462,C7RYOGEWDT7HZM3HKPSMU7QGWTRWR3EPOQTJ2OHXGYLARD3X62DNWELS34,C7RYOGEWDT7HZM3HKPSMU7QGWTRWR3EPOQTJ2OHXGYLARD3X62DNWELS34,1,axfer,127746157
463,C7RYOGEWDT7HZM3HKPSMU7QGWTRWR3EPOQTJ2OHXGYLARD3X62DNWELS34,C7RYOGEWDT7HZM3HKPSMU7QGWTRWR3EPOQTJ2OHXGYLARD3X62DNWELS34,1,axfer,127746157
464,C7RYOGEWDT7HZM3HKPSMU7QGWTRWR3EPOQTJ2OHXGYLARD3X62DNWELS34,C7RYOGEWDT7HZM3HKPSMU7QGWTRWR3EPOQTJ2OHXGYLARD3X62DNWELS34,1,axfer,127746157
465,C7RYOGEWDT7HZM3HKPSMU7QGWTRWR3EPOQTJ2OHXGYLARD3X62DNWELS34,C7RYOGEWDT7HZM3HKPSMU7QGWTRWR3EPOQTJ2OHXGYLARD3X62DNWELS34,1,axfer,127746157
466,C7RYOGEWDT7HZM3HKPSMU7QGWTRWR3EPOQTJ2OHXGYLARD3X62DNWELS34,C7RYOGEWDT7HZM3HKPSMU7QGWTRWR3EPOQTJ2OHXGYLARD3X62DNWELS34,1,axfer,127746157
467,C7RYOGEWDT7HZM3HKPSMU7QGWTRWR3EPOQTJ2OHXGYLARD3X62DNWELS34,C7RYOGEWDT7HZM3HKPSMU7QGWTRWR3EPOQTJ2OHXGYLARD3X62DNWELS34,1,axfer,127746157
468,C7RYOGEWDT7HZM3HKPSMU7QGWTRWR3EPOQTJ2OHXGYLARD3X62DNWELS34,C7RYOGEWDT7HZM3HKPSMU7QGWTRWR3EPOQTJ2OHXGYLARD3X62DNWELS34,1,axfer,127746157
469,C7RYOGEWDT7HZM3HKPSMU7QGWTRWR3EPOQTJ2OHXGYLARD3X62DNWELS34,C7RYOGEWDT7HZM3HKPSMU7QGWTRWR3EPOQTJ2OHXGYLARD3X62DNWELS34,1,axfer,127746157
470,C7RYOGEWDT7HZM3HKPSMU7QGWTRWR3EPOQTJ2OHXGYLARD3X62DNWELS34,C7RYOGEWDT7HZM3HKPSMU7QGWTRWR3EPOQTJ2OHXGYLARD3X62DNWELS34,1,axfer,127746157
471,C7RYOGEWDT7HZM3HKPSMU7QGWTRWR3EPOQTJ2OHXGYLARD3X62DNWELS34,C7RYOGEWDT7HZM3HKPSMU7QGWTRWR3EPOQTJ2OHXGYLARD3X62DNWELS34,1,axfer,127746157
472,C7RYOGEWDT7HZM3HKPSMU7QGWTRWR3EPOQTJ2OHXGYLARD3X62DNWELS34,C7RYOGEWDT7HZM3HKPSMU7QGWTRWR3EPOQTJ2OHXGYLARD3X62DNWELS34,1,axfer,127746157
473,C7RYOGEWDT7HZM3HKPSMU7QGWTRWR3EPOQTJ2OHXGYLARD3X62DNWELS34,C7RYOGEWDT7HZM3HKPSMU7QGWTRWR3EPOQTJ2OHXGYLARD3X62DNWELS34,1,axfer,127746157
474,C7RYOGEWDT7HZM3HKPSMU7QGWTRWR3EPOQTJ2OHXGYLARD3X62DNWELS34,C7RYOGEWDT7HZM3HKPSMU7QGWTRWR3EPOQTJ2OHXGYLARD3X62DNWELS34,1,axfer,127746157
475,C7RYOGEWDT7HZM3HKPSMU7QGWTRWR3EPOQTJ2OHXGYLARD3X62DNWELS34,C7RYOGEWDT7HZM3HKPSMU7QGWTRWR3EPOQTJ2OHXGYLARD3X62DNWELS34,1,axfer,127746157
476,C7RYOGEWDT7HZM3HKPSMU7QGWTRWR3EPOQTJ2OHXGYLARD3X62DNWELS34,C7RYOGEWDT7HZM3HKPSMU7QGWTRWR3EPOQTJ2OHXGYLARD3X62DNWELS34,1,axfer,127746157
477,C7RYOGEWDT7HZM3HKPSMU7QGWTRWR3EPOQTJ2OHXGYLARD3X62DNWELS34,C7RYOGEWDT7HZM3HKPSMU7QGWTRWR3EPOQTJ2OHXGYLARD3X62DNWELS34,1,axfer,127746157
478,C7RYOGEWDT7HZM3HKPSMU7QGWTRWR3EPOQTJ2OHXGYLARD3X62DNWELS34,C7RYOGEWDT7HZM3HKPSMU7QGWTRWR3EPOQTJ2OHXGYLARD3X62DNWELS34,1,axfer,127746157
479,C7RYOGEWDT7HZM3HKPSMU7QGWTRWR3EPOQTJ2OHXGYLARD3X62DNWELS34,C7RYOGEWDT7HZM3HKPSMU7QGWTRWR3EPOQTJ2OHXGYLARD3X62DNWELS34,1,axfer,127746157
480,C7RYOGEWDT7HZM3HKPSMU7QGWTRWR3EPOQTJ2OHXGYLARD3X62DNWELS34,C7RYOGEWDT7HZM3HKPSMU7QGWTRWR3EPOQTJ2OHXGYLARD3X62DNWELS34,1,axfer,127746157
481,C7RYOGEWDT7HZM3HKPSMU7QGWTRWR3EPOQTJ2OHXGYLARD3X62DNWELS34,C7RYOGEWDT7HZM3HKPSMU7QGWTRWR3EPOQTJ2OHXGYLARD3X62DNWELS34,1,axfer,127746157
482,C7RYOGEWDT7HZM3HKPSMU7QGWTRWR3EPOQTJ2OHXGYLARD3X62DNWELS34,C7RYOGEWDT7HZM3HKPSMU7QGWTRWR3EPOQTJ2OHXGYLARD3X62DNWELS34,1,axfer,127746157
483,C7RYOGEWDT7HZM3HKPSMU7QGWTRWR3EPOQTJ2OHXGYLARD3X62DNWELS34,C7RYOGEWDT7HZM3HKPSMU7QGWTRWR3EPOQTJ2OHXGYLARD3X62DNWELS34,1,axfer,127746157
484,C7RYOGEWDT7HZM3HKPSMU7QGWTRWR3EPOQTJ2OHXGYLARD3X62DNWELS34,C7RYOGEWDT7HZM3HKPSMU7QGWTRWR3EPOQTJ2OHXGYLARD3X62DNWELS34,1,axfer,127746157
485,C7RYOGEWDT7HZM3HKPSMU7QGWTRWR3EPOQTJ2OHXGYLARD3X62DNWELS34,C7RYOGEWDT7HZM3HKPSMU7QGWTRWR3EPOQTJ2OHXGYLARD3X62DNWELS34,1,axfer,127746157
486,C7RYOGEWDT7HZM3HKPSMU7QGWTRWR3EPOQTJ2OHXGYLARD3X62DNWELS34,C7RYOGEWDT7HZM3HKPSMU7QGWTRWR3EPOQTJ2OHXGYLARD3X62DNWELS34,1,axfer,127746157
487,C7RYOGEWDT7HZM3HKPSMU7QGWTRWR3EPOQTJ2OHXGYLARD3X62DNWELS34,C7RYOGEWDT7HZM3HKPSMU7QGWTRWR3EPOQTJ2OHXGYLARD3X62DNWELS34,1,axfer,127746157
488,C7RYOGEWDT7HZM3HKPSMU7QGWTRWR3EPOQTJ2OHXGYLARD3X62DNWELS34,C7RYOGEWDT7HZM3HKPSMU7QGWTRWR3EPOQTJ2OHXGYLARD3X62DNWELS34,1,axfer,127746157
489,C7RYOGEWDT7HZM3HKPSMU7QGWTRWR3EPOQTJ2OHXGYLARD3X62DNWELS34,C7RYOGEWDT7HZM3HKPSMU7QGWTRWR3EPOQTJ2OHXGYLARD3X62DNWELS34,1,axfer,127746157
490,C7RYOGEWDT7HZM3HKPSMU7QGWTRWR3EPOQTJ2OHXGYLARD3X62DNWELS34,C7RYOGEWDT7HZM3HKPSMU7QGWTRWR3EPOQTJ2OHXGYLARD3X62DNWELS34,1,axfer,127746157
491,C7RYOGEWDT7HZM3HKPSMU7QGWTRWR3EPOQTJ2OHXGYLARD3X62DNWELS34,C7RYOGEWDT7HZM3HKPSMU7QGWTRWR3EPOQTJ2OHXGYLARD3X62DNWELS34,1,axfer,127746157
492,C7RYOGEWDT7HZM3HKPSMU7QGWTRWR3EPOQTJ2OHXGYLARD3X62DNWELS34,C7RYOGEWDT7HZM3HKPSMU7QGWTRWR3EPOQTJ2OHXGYLARD3X62DNWELS34,1,axfer,127746157
493,C7RYOGEWDT7HZM3HKPSMU7QGWTRWR3EPOQTJ2OHXGYLARD3X62DNWELS34,C7RYOGEWDT7HZM3HKPSMU7QGWTRWR3EPOQTJ2OHXGYLARD3X62DNWELS34,1,axfer,127746157
494,C7RYOGEWDT7HZM3HKPSMU7QGWTRWR3EPOQTJ2OHXGYLARD3X62DNWELS34,C7RYOGEWDT7HZM3HKPSMU7QGWTRWR3EPOQTJ2OHXGYLARD3X62DNWELS34,1,axfer,127746157
495,C7RYOGEWDT7HZM3HKPSMU7QGWTRWR3EPOQTJ2OHXGYLARD3X62DNWELS34,C7RYOGEWDT7HZM3HKPSMU7QGWTRWR3EPOQTJ2OHXGYLARD3X62DNWELS34,1,axfer,127746157
496,C7RYOGEWDT7HZM3HKPSMU7QGWTRWR3EPOQTJ2OHXGYLARD3X62DNWELS34,C7RYOGEWDT7HZM3HKPSMU7QGWTRWR3EPOQTJ2OHXGYLARD3X62DNWELS34,1,axfer,127746157
497,C7RYOGEWDT7HZM3HKPSMU7QGWTRWR3EPOQTJ2OHXGYLARD3X62DNWELS34,C7RYOGEWDT7HZM3HKPSMU7QGWTRWR3EPOQTJ2OHXGYLARD3X62DNWELS34,1,axfer,127746157
498,C7RYOGEWDT7HZM3HKPSMU7QGWTRWR3EPOQTJ2OHXGYLARD3X62DNWELS34,C7RYOGEWDT7HZM3HKPSMU7QGWTRWR3EPOQTJ2OHXGYLARD3X62DNWELS34,1,axfer,127746157
499,C7RYOGEWDT7HZM3HKPSMU7QGWTRWR3EPOQTJ2OHXGYLARD3X62DNWELS34,C7RYOGEWDT7HZM3HKPSMU7QGWTRWR3EPOQTJ2OHXGYLARD3X62DNWELS34,1,axfer,127746157
